movement,time,x,y,z,speed
HoverSwarm,0.000,4.8359,2.0357,-2.1653,0.0000
HoverSwarm,0.033,4.8408,2.0341,-2.1844,0.5946
HoverSwarm,0.067,4.8447,2.0323,-2.2038,0.5957
HoverSwarm,0.100,4.8475,2.0303,-2.2235,0.5982
HoverSwarm,0.133,4.8491,2.0280,-2.2434,0.6021
HoverSwarm,0.167,4.8495,2.0255,-2.2634,0.6073
HoverSwarm,0.200,4.8488,2.0228,-2.2837,0.6138
HoverSwarm,0.233,4.8470,2.0198,-2.3041,0.6215
HoverSwarm,0.267,4.8441,2.0167,-2.3247,0.6304
HoverSwarm,0.300,4.8400,2.0133,-2.3454,0.6403
HoverSwarm,0.333,4.8347,2.0097,-2.3661,0.6512
HoverSwarm,0.367,4.8284,2.0058,-2.3869,0.6629
HoverSwarm,0.400,4.8209,2.0018,-2.4078,0.6754
HoverSwarm,0.433,4.8124,1.9976,-2.4287,0.6885
HoverSwarm,0.467,4.8027,1.9932,-2.4495,0.7020
HoverSwarm,0.500,4.7920,1.9885,-2.4703,0.7160
HoverSwarm,0.533,4.7803,1.9837,-2.4911,0.7302
HoverSwarm,0.567,4.7675,1.9787,-2.5118,0.7446
HoverSwarm,0.600,4.7537,1.9735,-2.5323,0.7590
HoverSwarm,0.633,4.7389,1.9682,-2.5527,0.7734
HoverSwarm,0.667,4.7231,1.9626,-2.5730,0.7877
HoverSwarm,0.700,4.7064,1.9569,-2.5931,0.8017
HoverSwarm,0.733,4.6888,1.9511,-2.6129,0.8154
HoverSwarm,0.767,4.6703,1.9451,-2.6326,0.8287
HoverSwarm,0.800,4.6510,1.9389,-2.6519,0.8414
HoverSwarm,0.833,4.6308,1.9326,-2.6710,0.8536
HoverSwarm,0.867,4.6099,1.9262,-2.6898,0.8652
HoverSwarm,0.900,4.5883,1.9197,-2.7083,0.8761
HoverSwarm,0.933,4.5659,1.9130,-2.7264,0.8862
HoverSwarm,0.967,4.5429,1.9062,-2.7441,0.8956
HoverSwarm,1.000,4.5192,1.8993,-2.7615,0.9040
HoverSwarm,1.033,4.4950,1.8923,-2.7784,0.9116
HoverSwarm,1.067,4.4702,1.8852,-2.7949,0.9182
HoverSwarm,1.100,4.4449,1.8780,-2.8109,0.9238
HoverSwarm,1.133,4.4191,1.8708,-2.8265,0.9284
HoverSwarm,1.167,4.3930,1.8635,-2.8415,0.9319
HoverSwarm,1.200,4.3665,1.8561,-2.8561,0.9344
HoverSwarm,1.233,4.3396,1.8486,-2.8701,0.9358
HoverSwarm,1.267,4.3125,1.8411,-2.8836,0.9360
HoverSwarm,1.300,4.2851,1.8336,-2.8965,0.9351
HoverSwarm,1.333,4.2576,1.8260,-2.9088,0.9331
HoverSwarm,1.367,4.2299,1.8184,-2.9205,0.9300
HoverSwarm,1.400,4.2022,1.8108,-2.9317,0.9256
HoverSwarm,1.433,4.1744,1.8032,-2.9422,0.9202
HoverSwarm,1.467,4.1466,1.7955,-2.9520,0.9136
HoverSwarm,1.500,4.1188,1.7879,-2.9612,0.9059
HoverSwarm,1.533,4.0912,1.7803,-2.9697,0.8970
HoverSwarm,1.567,4.0637,1.7727,-2.9776,0.8871
HoverSwarm,1.600,4.0365,1.7651,-2.9848,0.8761
HoverSwarm,1.633,4.0094,1.7576,-2.9912,0.8641
HoverSwarm,1.667,3.9827,1.7501,-2.9970,0.8511
HoverSwarm,1.700,3.9563,1.7427,-3.0021,0.8371
HoverSwarm,1.733,3.9302,1.7353,-3.0064,0.8221
HoverSwarm,1.767,3.9046,1.7280,-3.0101,0.8063
HoverSwarm,1.800,3.8795,1.7208,-3.0130,0.7897
HoverSwarm,1.833,3.8549,1.7136,-3.0151,0.7723
HoverSwarm,1.867,3.8308,1.7065,-3.0165,0.7542
HoverSwarm,1.900,3.8073,1.6995,-3.0172,0.7355
HoverSwarm,1.933,3.7844,1.6927,-3.0172,0.7163
HoverSwarm,1.967,3.7622,1.6859,-3.0164,0.6966
HoverSwarm,2.000,3.7407,1.6792,-3.0148,0.6766
HoverSwarm,2.033,3.7200,1.6727,-3.0125,0.6564
HoverSwarm,2.067,3.7000,1.6663,-3.0095,0.6361
HoverSwarm,2.100,3.6808,1.6600,-3.0058,0.6159
HoverSwarm,2.133,3.6624,1.6539,-3.0013,0.5958
HoverSwarm,2.167,3.6450,1.6479,-2.9961,0.5761
HoverSwarm,2.200,3.6284,1.6421,-2.9901,0.5570
HoverSwarm,2.233,3.6127,1.6364,-2.9835,0.5387
HoverSwarm,2.267,3.5979,1.6309,-2.9761,0.5213
HoverSwarm,2.300,3.5841,1.6256,-2.9680,0.5052
HoverSwarm,2.333,3.5713,1.6204,-2.9592,0.4905
HoverSwarm,2.367,3.5595,1.6155,-2.9498,0.4775
HoverSwarm,2.400,3.5488,1.6107,-2.9397,0.4665
HoverSwarm,2.433,3.5390,1.6061,-2.9289,0.4576
HoverSwarm,2.467,3.5303,1.6017,-2.9174,0.4511
HoverSwarm,2.500,3.5226,1.5975,-2.9054,0.4471
HoverSwarm,2.533,3.5160,1.5935,-2.8926,0.4458
HoverSwarm,2.567,3.5105,1.5897,-2.8793,0.4471
HoverSwarm,2.600,3.5061,1.5862,-2.8654,0.4511
HoverSwarm,2.633,3.5027,1.5828,-2.8509,0.4576
HoverSwarm,2.667,3.5004,1.5797,-2.8359,0.4665
HoverSwarm,2.700,3.4992,1.5767,-2.8203,0.4776
HoverSwarm,2.733,3.4990,1.5741,-2.8041,0.4907
HoverSwarm,2.767,3.4999,1.5716,-2.7875,0.5055
HoverSwarm,2.800,3.5019,1.5694,-2.7704,0.5218
HoverSwarm,2.833,3.5049,1.5674,-2.7527,0.5394
HoverSwarm,2.867,3.5090,1.5656,-2.7347,0.5580
HoverSwarm,2.900,3.5141,1.5641,-2.7162,0.5774
HoverSwarm,2.933,3.5202,1.5628,-2.6973,0.5973
HoverSwarm,2.967,3.5273,1.5618,-2.6780,0.6176
HoverSwarm,3.000,3.5354,1.5610,-2.6583,0.6382
HoverSwarm,3.033,3.5444,1.5604,-2.6383,0.6588
HoverSwarm,3.067,3.5543,1.5601,-2.6179,0.6793
HoverSwarm,3.100,3.5652,1.5600,-2.5973,0.6996
HoverSwarm,3.133,3.5769,1.5602,-2.5764,0.7195
HoverSwarm,3.167,3.5895,1.5606,-2.5552,0.7390
HoverSwarm,3.200,3.6029,1.5612,-2.5338,0.7579
HoverSwarm,3.233,3.6171,1.5621,-2.5122,0.7761
HoverSwarm,3.267,3.6321,1.5633,-2.4904,0.7936
HoverSwarm,3.300,3.6478,1.5646,-2.4685,0.8103
HoverSwarm,3.333,3.6642,1.5662,-2.4464,0.8260
HoverSwarm,3.367,3.6812,1.5681,-2.4243,0.8409
HoverSwarm,3.400,3.6989,1.5702,-2.4020,0.8547
HoverSwarm,3.433,3.7171,1.5725,-2.3797,0.8674
HoverSwarm,3.467,3.7359,1.5750,-2.3574,0.8790
HoverSwarm,3.500,3.7552,1.5778,-2.3350,0.8895
HoverSwarm,3.533,3.7750,1.5808,-2.3127,0.8987
HoverSwarm,3.567,3.7952,1.5840,-2.2904,0.9067
HoverSwarm,3.600,3.8157,1.5874,-2.2682,0.9135
HoverSwarm,3.633,3.8366,1.5911,-2.2461,0.9189
HoverSwarm,3.667,3.8578,1.5949,-2.2241,0.9230
HoverSwarm,3.700,3.8792,1.5990,-2.2023,0.9258
HoverSwarm,3.733,3.9008,1.6033,-2.1806,0.9272
HoverSwarm,3.767,3.9226,1.6077,-2.1592,0.9273
HoverSwarm,3.800,3.9445,1.6124,-2.1379,0.9259
HoverSwarm,3.833,3.9664,1.6173,-2.1169,0.9232
HoverSwarm,3.867,3.9884,1.6223,-2.0962,0.9191
HoverSwarm,3.900,4.0104,1.6275,-2.0757,0.9136
HoverSwarm,3.933,4.0323,1.6329,-2.0556,0.9067
HoverSwarm,3.967,4.0540,1.6385,-2.0358,0.8985
HoverSwarm,4.000,4.0756,1.6442,-2.0163,0.8889
HoverSwarm,4.033,4.0971,1.6501,-1.9973,0.8780
HoverSwarm,4.067,4.1182,1.6561,-1.9786,0.8657
HoverSwarm,4.100,4.1391,1.6623,-1.9604,0.8521
HoverSwarm,4.133,4.1596,1.6686,-1.9426,0.8373
HoverSwarm,4.167,4.1798,1.6751,-1.9252,0.8212
HoverSwarm,4.200,4.1996,1.6816,-1.9083,0.8039
HoverSwarm,4.233,4.2189,1.6883,-1.8920,0.7854
HoverSwarm,4.267,4.2377,1.6951,-1.8761,0.7658
HoverSwarm,4.300,4.2559,1.7021,-1.8608,0.7450
HoverSwarm,4.333,4.2737,1.7091,-1.8460,0.7232
HoverSwarm,4.367,4.2908,1.7162,-1.8318,0.7005
HoverSwarm,4.400,4.3072,1.7234,-1.8182,0.6767
HoverSwarm,4.433,4.3230,1.7306,-1.8051,0.6521
HoverSwarm,4.467,4.3381,1.7380,-1.7927,0.6267
HoverSwarm,4.500,4.3525,1.7454,-1.7809,0.6006
HoverSwarm,4.533,4.3661,1.7528,-1.7697,0.5738
HoverSwarm,4.567,4.3789,1.7603,-1.7591,0.5464
HoverSwarm,4.600,4.3909,1.7679,-1.7492,0.5186
HoverSwarm,4.633,4.4021,1.7755,-1.7400,0.4904
HoverSwarm,4.667,4.4124,1.7831,-1.7315,0.4621
HoverSwarm,4.700,4.4218,1.7907,-1.7236,0.4337
HoverSwarm,4.733,4.4303,1.7983,-1.7164,0.4054
HoverSwarm,4.767,4.4379,1.8059,-1.7099,0.3776
HoverSwarm,4.800,4.4446,1.8136,-1.7041,0.3504
HoverSwarm,4.833,4.4504,1.8212,-1.6990,0.3243
HoverSwarm,4.867,4.4551,1.8288,-1.6946,0.2997
HoverSwarm,4.900,4.4590,1.8363,-1.6909,0.2771
HoverSwarm,4.933,4.4618,1.8439,-1.6879,0.2573
HoverSwarm,4.967,4.4637,1.8513,-1.6857,0.2411
HoverSwarm,5.000,4.4646,1.8588,-1.6841,0.2292
HoverSwarm,5.033,4.4645,1.8661,-1.6833,0.2225
HoverSwarm,5.067,4.4634,1.8734,-1.6832,0.2214
HoverSwarm,5.100,4.4614,1.8807,-1.6837,0.2260
HoverSwarm,5.133,4.4584,1.8878,-1.6850,0.2358
HoverSwarm,5.167,4.4544,1.8949,-1.6870,0.2502
HoverSwarm,5.200,4.4495,1.9018,-1.6897,0.2683
HoverSwarm,5.233,4.4436,1.9087,-1.6930,0.2893
HoverSwarm,5.267,4.4368,1.9154,-1.6971,0.3124
HoverSwarm,5.300,4.4290,1.9221,-1.7018,0.3370
HoverSwarm,5.333,4.4204,1.9286,-1.7072,0.3627
HoverSwarm,5.367,4.4108,1.9349,-1.7133,0.3890
HoverSwarm,5.400,4.4005,1.9412,-1.7200,0.4156
HoverSwarm,5.433,4.3892,1.9473,-1.7273,0.4423
HoverSwarm,5.467,4.3772,1.9532,-1.7353,0.4689
HoverSwarm,5.500,4.3643,1.9590,-1.7439,0.4952
HoverSwarm,5.533,4.3507,1.9647,-1.7530,0.5211
HoverSwarm,5.567,4.3363,1.9701,-1.7628,0.5464
HoverSwarm,5.600,4.3212,1.9754,-1.7731,0.5711
HoverSwarm,5.633,4.3055,1.9805,-1.7840,0.5950
HoverSwarm,5.667,4.2891,1.9855,-1.7955,0.6181
HoverSwarm,5.700,4.2720,1.9902,-1.8074,0.6403
HoverSwarm,5.733,4.2544,1.9948,-1.8199,0.6615
HoverSwarm,5.767,4.2363,1.9991,-1.8329,0.6817
HoverSwarm,5.800,4.2176,2.0033,-1.8463,0.7009
HoverSwarm,5.833,4.1985,2.0073,-1.8602,0.7189
HoverSwarm,5.867,4.1790,2.0110,-1.8745,0.7357
HoverSwarm,5.900,4.1590,2.0145,-1.8893,0.7513
HoverSwarm,5.933,4.1387,2.0178,-1.9044,0.7657
HoverSwarm,5.967,4.1182,2.0209,-1.9199,0.7788
HoverSwarm,6.000,4.0973,2.0238,-1.9358,0.7906
Flutter,0.000,4.8113,1.8383,-2.2541,0.0000
Flutter,0.033,4.8020,1.8253,-2.2729,0.7397
Flutter,0.067,4.7908,1.8148,-2.2918,0.7306
Flutter,0.100,4.7777,1.8070,-2.3106,0.7268
Flutter,0.133,4.7632,1.8020,-2.3295,0.7295
Flutter,0.167,4.7474,1.8000,-2.3483,0.7389
Flutter,0.200,4.7307,1.8011,-2.3671,0.7550
Flutter,0.233,4.7132,1.8050,-2.3857,0.7767
Flutter,0.267,4.6952,1.8119,-2.4043,0.8028
Flutter,0.300,4.6769,1.8216,-2.4227,0.8313
Flutter,0.333,4.6584,1.8338,-2.4409,0.8601
Flutter,0.367,4.6400,1.8482,-2.4590,0.8873
Flutter,0.400,4.6217,1.8647,-2.4769,0.9108
Flutter,0.433,4.6038,1.8827,-2.4945,0.9292
Flutter,0.467,4.5862,1.9020,-2.5118,0.9409
Flutter,0.500,4.5689,1.9221,-2.5289,0.9450
Flutter,0.533,4.5521,1.9426,-2.5457,0.9408
Flutter,0.567,4.5357,1.9631,-2.5621,0.9281
Flutter,0.600,4.5197,1.9830,-2.5782,0.9070
Flutter,0.633,4.5040,2.0020,-2.5940,0.8782
Flutter,0.667,4.4884,2.0197,-2.6093,0.8431
Flutter,0.700,4.4729,2.0357,-2.6243,0.8034
Flutter,0.733,4.4574,2.0496,-2.6388,0.7618
Flutter,0.767,4.4417,2.0611,-2.6528,0.7215
Flutter,0.800,4.4256,2.0701,-2.6664,0.6866
Flutter,0.833,4.4090,2.0763,-2.6795,0.6615
Flutter,0.867,4.3916,2.0795,-2.6921,0.6506
Flutter,0.900,4.3734,2.0797,-2.7042,0.6566
Flutter,0.933,4.3541,2.0770,-2.7157,0.6804
Flutter,0.967,4.3335,2.0713,-2.7267,0.7203
Flutter,1.000,4.3115,2.0628,-2.7372,0.7731
Flutter,1.033,4.2880,2.0516,-2.7470,0.8349
Flutter,1.067,4.2628,2.0380,-2.7563,0.9018
Flutter,1.100,4.2359,2.0224,-2.7649,0.9705
Flutter,1.133,4.2071,2.0049,-2.7730,1.0381
Flutter,1.167,4.1764,1.9861,-2.7804,1.1026
Flutter,1.200,4.1438,1.9663,-2.7871,1.1621
Flutter,1.233,4.1093,1.9459,-2.7933,1.2155
Flutter,1.267,4.0730,1.9254,-2.7988,1.2620
Flutter,1.300,4.0349,1.9052,-2.8036,1.3011
Flutter,1.333,3.9952,1.8858,-2.8077,1.3326
Flutter,1.367,3.9540,1.8675,-2.8112,1.3566
Flutter,1.400,3.9115,1.8508,-2.8140,1.3733
Flutter,1.433,3.8679,1.8360,-2.8161,1.3832
Flutter,1.467,3.8234,1.8234,-2.8175,1.3869
Flutter,1.500,3.7784,1.8133,-2.8183,1.3849
Flutter,1.533,3.7330,1.8060,-2.8183,1.3776
Flutter,1.567,3.6877,1.8015,-2.8177,1.3658
Flutter,1.600,3.6428,1.8000,-2.8164,1.3496
Flutter,1.633,3.5986,1.8015,-2.8144,1.3293
Flutter,1.667,3.5554,1.8060,-2.8117,1.3050
Flutter,1.700,3.5136,1.8134,-2.8084,1.2766
Flutter,1.733,3.4736,1.8235,-2.8043,1.2439
Flutter,1.767,3.4357,1.8360,-2.7996,1.2065
Flutter,1.800,3.4002,1.8509,-2.7943,1.1641
Flutter,1.833,3.3675,1.8676,-2.7883,1.1163
Flutter,1.867,3.3379,1.8859,-2.7816,1.0631
Flutter,1.900,3.3117,1.9054,-2.7743,1.0045
Flutter,1.933,3.2890,1.9256,-2.7664,0.9410
Flutter,1.967,3.2702,1.9461,-2.7578,0.8735
Flutter,2.000,3.2554,1.9664,-2.7487,0.8039
Flutter,2.033,3.2448,1.9863,-2.7389,0.7351
Flutter,2.067,3.2384,2.0051,-2.7286,0.6715
Flutter,2.100,3.2364,2.0225,-2.7177,0.6193
Flutter,2.133,3.2388,2.0381,-2.7063,0.5861
Flutter,2.167,3.2456,2.0517,-2.6943,0.5793
Flutter,2.200,3.2567,2.0628,-2.6818,0.6028
Flutter,2.233,3.2720,2.0713,-2.6687,0.6549
Flutter,2.267,3.2914,2.0770,-2.6552,0.7299
Flutter,2.300,3.3148,2.0797,-2.6413,0.8204
Flutter,2.333,3.3418,2.0795,-2.6268,0.9202
Flutter,2.367,3.3724,2.0762,-2.6120,1.0237
Flutter,2.400,3.4061,2.0700,-2.5967,1.1268
Flutter,2.433,3.4428,2.0611,-2.5810,1.2261
Flutter,2.467,3.4821,2.0495,-2.5650,1.3188
Flutter,2.500,3.5236,2.0356,-2.5486,1.4027
Flutter,2.533,3.5670,2.0196,-2.5319,1.4759
Flutter,2.567,3.6120,2.0019,-2.5149,1.5371
Flutter,2.600,3.6581,1.9829,-2.4975,1.5851
Flutter,2.633,3.7051,1.9629,-2.4800,1.6193
Flutter,2.667,3.7525,1.9425,-2.4622,1.6393
Flutter,2.700,3.8001,1.9220,-2.4441,1.6451
Flutter,2.733,3.8475,1.9019,-2.4259,1.6371
Flutter,2.767,3.8943,1.8826,-2.4075,1.6160
Flutter,2.800,3.9403,1.8646,-2.3890,1.5830
Flutter,2.833,3.9852,1.8481,-2.3704,1.5395
Flutter,2.867,4.0287,1.8337,-2.3516,1.4873
Flutter,2.900,4.0707,1.8215,-2.3328,1.4284
Flutter,2.933,4.1110,1.8119,-2.3140,1.3654
Flutter,2.967,4.1494,1.8050,-2.2951,1.3006
Flutter,3.000,4.1859,1.8010,-2.2762,1.2367
Flutter,3.033,4.2203,1.8000,-2.2574,1.1764
Flutter,3.067,4.2526,1.8021,-2.2386,1.1220
Flutter,3.100,4.2827,1.8070,-2.2199,1.0753
Flutter,3.133,4.3108,1.8149,-2.2013,1.0376
Flutter,3.167,4.3369,1.8254,-2.1829,1.0088
Flutter,3.200,4.3610,1.8384,-2.1646,0.9884
Flutter,3.233,4.3833,1.8536,-2.1465,0.9745
Flutter,3.267,4.4039,1.8706,-2.1285,0.9648
Flutter,3.300,4.4229,1.8891,-2.1109,0.9570
Flutter,3.333,4.4405,1.9087,-2.0934,0.9484
Flutter,3.367,4.4569,1.9290,-2.0762,0.9369
Flutter,3.400,4.4723,1.9495,-2.0594,0.9207
Flutter,3.433,4.4868,1.9698,-2.0428,0.8987
Flutter,3.467,4.5007,1.9895,-2.0266,0.8704
Flutter,3.500,4.5140,2.0081,-2.0108,0.8358
Flutter,3.533,4.5271,2.0253,-1.9953,0.7956
Flutter,3.567,4.5400,2.0406,-1.9802,0.7513
Flutter,3.600,4.5528,2.0537,-1.9656,0.7051
Flutter,3.633,4.5657,2.0644,-1.9514,0.6598
Flutter,3.667,4.5789,2.0725,-1.9377,0.6189
Flutter,3.700,4.5923,2.0777,-1.9244,0.5862
Flutter,3.733,4.6059,2.0799,-1.9117,0.5653
Flutter,3.767,4.6199,2.0791,-1.8994,0.5584
Flutter,3.800,4.6342,2.0754,-1.8877,0.5660
Flutter,3.833,4.6488,2.0687,-1.8765,0.5857
Flutter,3.867,4.6636,2.0593,-1.8659,0.6140
Flutter,3.900,4.6784,2.0473,-1.8559,0.6465
Flutter,3.933,4.6932,2.0330,-1.8465,0.6789
Flutter,3.967,4.7078,2.0167,-1.8376,0.7076
Flutter,4.000,4.7220,1.9988,-1.8294,0.7295
Flutter,4.033,4.7356,1.9796,-1.8218,0.7422
Flutter,4.067,4.7484,1.9595,-1.8148,0.7439
Flutter,4.100,4.7602,1.9390,-1.8085,0.7335
Flutter,4.133,4.7707,1.9186,-1.8028,0.7104
Flutter,4.167,4.7796,1.8986,-1.7978,0.6743
Flutter,4.200,4.7868,1.8795,-1.7935,0.6260
Flutter,4.233,4.7920,1.8617,-1.7898,0.5668
Flutter,4.267,4.7948,1.8456,-1.7868,0.4994
Flutter,4.300,4.7952,1.8315,-1.7845,0.4286
Flutter,4.333,4.7928,1.8197,-1.7828,0.3634
Flutter,4.367,4.7874,1.8105,-1.7819,0.3197
Flutter,4.400,4.7790,1.8041,-1.7816,0.3180
Flutter,4.433,4.7673,1.8007,-1.7820,0.3669
Flutter,4.467,4.7522,1.8002,-1.7831,0.4547
Flutter,4.500,4.7336,1.8027,-1.7849,0.5654
Flutter,4.533,4.7114,1.8082,-1.7874,0.6879
Flutter,4.567,4.6858,1.8165,-1.7905,0.8153
Flutter,4.600,4.6565,1.8274,-1.7944,0.9433
Flutter,4.633,4.6238,1.8408,-1.7989,1.0685
Flutter,4.667,4.5877,1.8563,-1.8040,1.1884
Flutter,4.700,4.5484,1.8736,-1.8098,1.3008
Flutter,4.733,4.5060,1.8923,-1.8163,1.4041
Flutter,4.767,4.4607,1.9121,-1.8234,1.4969
Flutter,4.800,4.4129,1.9324,-1.8311,1.5780
Flutter,4.833,4.3626,1.9529,-1.8395,1.6466
Flutter,4.867,4.3104,1.9732,-1.8485,1.7024
Flutter,4.900,4.2564,1.9927,-1.8580,1.7450
Flutter,4.933,4.2011,2.0111,-1.8682,1.7745
Flutter,4.967,4.1449,2.0280,-1.8789,1.7914
Flutter,5.000,4.0880,2.0429,-1.8902,1.7960
Flutter,5.033,4.0310,2.0557,-1.9020,1.7893
Flutter,5.067,3.9741,2.0660,-1.9144,1.7721
Flutter,5.100,3.9179,2.0736,-1.9273,1.7456
Flutter,5.133,3.8626,2.0783,-1.9406,1.7108
Flutter,5.167,3.8088,2.0800,-1.9544,1.6691
Flutter,5.200,3.7567,2.0787,-1.9687,1.6216
Flutter,5.233,3.7067,2.0745,-1.9835,1.5695
Flutter,5.267,3.6591,2.0673,-1.9986,1.5138
Flutter,5.300,3.6142,2.0575,-2.0142,1.4554
Flutter,5.333,3.5723,2.0451,-2.0301,1.3950
Flutter,5.367,3.5336,2.0304,-2.0464,1.3333
Flutter,5.400,3.4984,2.0138,-2.0630,1.2707
Flutter,5.433,3.4667,1.9956,-2.0799,1.2075
Flutter,5.467,3.4387,1.9762,-2.0972,1.1439
Flutter,5.500,3.4146,1.9561,-2.1147,1.0802
Flutter,5.533,3.3942,1.9356,-2.1324,1.0168
Flutter,5.567,3.3777,1.9152,-2.1504,0.9542
Flutter,5.600,3.3650,1.8953,-2.1685,0.8931
Flutter,5.633,3.3560,1.8764,-2.1869,0.8350
Flutter,5.667,3.3507,1.8588,-2.2054,0.7814
Flutter,5.700,3.3488,1.8430,-2.2240,0.7347
Flutter,5.733,3.3502,1.8293,-2.2427,0.6974
Flutter,5.767,3.3547,1.8180,-2.2615,0.6722
Flutter,5.800,3.3621,1.8093,-2.2803,0.6611
Flutter,5.833,3.3721,1.8033,-2.2992,0.6651
Flutter,5.867,3.3845,1.8004,-2.3180,0.6834
Flutter,5.900,3.3990,1.8004,-2.3369,0.7138
Flutter,5.933,3.4154,1.8034,-2.3557,0.7532
Flutter,5.967,3.4334,1.8094,-2.3744,0.7981
Flutter,6.000,3.4526,1.8181,-2.3930,0.8451
Dart,0.000,3.8329,1.8715,-3.2385,0.0000
Dart,0.033,3.8082,1.8868,-3.2202,1.0300
Dart,0.067,3.7814,1.9015,-3.2003,1.0953
Dart,0.100,3.7528,1.9157,-3.1789,1.1533
Dart,0.133,3.7224,1.9291,-3.1564,1.2036
Dart,0.167,3.6906,1.9418,-3.1328,1.2463
Dart,0.200,3.6577,1.9535,-3.1083,1.2813
Dart,0.233,3.6237,1.9642,-3.0830,1.3085
Dart,0.267,3.5891,1.9738,-3.0573,1.3280
Dart,0.300,3.5539,1.9822,-3.0311,1.3398
Dart,0.333,3.5184,1.9895,-3.0047,1.3439
Dart,0.367,3.4829,1.9955,-2.9783,1.3404
Dart,0.400,3.4475,2.0002,-2.9520,1.3294
Dart,0.433,3.4125,2.0035,-2.9260,1.3108
Dart,0.467,3.3782,2.0056,-2.9005,1.2849
Dart,0.500,3.3447,2.0063,-2.8756,1.2516
Dart,0.533,3.3123,2.0056,-2.8516,1.2110
Dart,0.567,3.2812,2.0036,-2.8285,1.1633
Dart,0.600,3.2517,2.0003,-2.8065,1.1086
Dart,0.633,3.2239,1.9957,-2.7859,1.0471
Dart,0.667,3.1982,1.9898,-2.7667,0.9791
Dart,0.700,3.1746,1.9827,-2.7492,0.9052
Dart,0.733,3.1536,1.9744,-2.7335,0.8261
Dart,0.767,3.1352,1.9651,-2.7199,0.7429
Dart,0.800,3.1197,1.9547,-2.7084,0.6578
Dart,0.833,3.1073,1.9433,-2.6992,0.5745
Dart,0.867,3.0983,1.9309,-2.6925,0.4993
Dart,0.900,3.0930,1.9178,-2.6885,0.4435
Dart,0.933,3.0914,1.9069,-2.6873,0.3312
Dart,0.967,3.0947,1.9211,-2.6860,0.4387
Dart,1.000,3.1032,1.9351,-2.6825,0.5018
Dart,1.033,3.1165,1.9488,-2.6771,0.5966
Dart,1.067,3.1344,1.9621,-2.6697,0.7039
Dart,1.100,3.1565,1.9750,-2.6607,0.8134
Dart,1.133,3.1825,1.9872,-2.6500,0.9201
Dart,1.167,3.2121,1.9987,-2.6379,1.0212
Dart,1.200,3.2451,2.0095,-2.6244,1.1152
Dart,1.233,3.2810,2.0194,-2.6097,1.2014
Dart,1.267,3.3195,2.0283,-2.5939,1.2793
Dart,1.300,3.3605,2.0363,-2.5771,1.3484
Dart,1.333,3.4035,2.0431,-2.5595,1.4086
Dart,1.367,3.4482,2.0488,-2.5412,1.4597
Dart,1.400,3.4943,2.0533,-2.5223,1.5018
Dart,1.433,3.5416,2.0567,-2.5030,1.5347
Dart,1.467,3.5896,2.0587,-2.4833,1.5584
Dart,1.500,3.6381,2.0595,-2.4635,1.5730
Dart,1.533,3.6868,2.0591,-2.4435,1.5782
Dart,1.567,3.7353,2.0574,-2.4236,1.5743
Dart,1.600,3.7834,2.0544,-2.4040,1.5612
Dart,1.633,3.8307,2.0502,-2.3846,1.5388
Dart,1.667,3.8770,2.0448,-2.3657,1.5072
Dart,1.700,3.9218,2.0382,-2.3473,1.4664
Dart,1.733,3.9649,2.0306,-2.3296,1.4165
Dart,1.767,4.0060,2.0219,-2.3128,1.3575
Dart,1.800,4.0447,2.0122,-2.2970,1.2895
Dart,1.833,4.0809,2.0016,-2.2822,1.2127
Dart,1.867,4.1140,1.9902,-2.2686,1.1275
Dart,1.900,4.1439,1.9781,-2.2564,1.0342
Dart,1.933,4.1702,1.9654,-2.2456,0.9337
Dart,1.967,4.1925,1.9522,-2.2364,0.8274
Dart,2.000,4.2107,1.9385,-2.2290,0.7178
Dart,2.033,4.2244,1.9245,-2.2234,0.6095
Dart,2.067,4.2332,1.9103,-2.2198,0.5121
Dart,2.100,4.2368,1.8961,-2.2183,0.4437
Dart,2.133,4.2366,1.9052,-2.2184,0.2744
Dart,2.167,4.2353,1.9192,-2.2191,0.4217
Dart,2.200,4.2331,1.9329,-2.2202,0.4165
Dart,2.233,4.2301,1.9461,-2.2218,0.4102
Dart,2.267,4.2263,1.9588,-2.2238,0.4028
Dart,2.300,4.2218,1.9709,-2.2261,0.3941
Dart,2.333,4.2166,1.9823,-2.2289,0.3844
Dart,2.367,4.2108,1.9929,-2.2319,0.3737
Dart,2.400,4.2044,2.0026,-2.2352,0.3624
Dart,2.433,4.1975,2.0114,-2.2388,0.3507
Dart,2.467,4.1902,2.0191,-2.2426,0.3391
Dart,2.500,4.1825,2.0257,-2.2466,0.3280
Dart,2.533,4.1744,2.0312,-2.2508,0.3179
Dart,2.567,4.1661,2.0355,-2.2551,0.3094
Dart,2.600,4.1576,2.0386,-2.2596,0.3030
Dart,2.633,4.1489,2.0405,-2.2641,0.2990
Dart,2.667,4.1401,2.0410,-2.2687,0.2979
Dart,2.700,4.1313,2.0403,-2.2733,0.2997
Dart,2.733,4.1224,2.0384,-2.2779,0.3044
Dart,2.767,4.1137,2.0351,-2.2824,0.3117
Dart,2.800,4.1050,2.0307,-2.2869,0.3212
Dart,2.833,4.0966,2.0251,-2.2913,0.3324
Dart,2.867,4.0884,2.0183,-2.2956,0.3447
Dart,2.900,4.0804,2.0104,-2.2998,0.3576
Dart,2.933,4.0729,2.0014,-2.3037,0.3706
Dart,2.967,4.0657,1.9916,-2.3074,0.3832
Dart,3.000,4.0590,1.9808,-2.3109,0.3949
Dart,3.033,4.0528,1.9692,-2.3141,0.4055
Dart,3.067,4.0472,1.9569,-2.3171,0.4146
Dart,3.100,4.0422,1.9440,-2.3196,0.4219
Dart,3.133,4.0380,1.9306,-2.3219,0.4274
Dart,3.167,4.0344,1.9168,-2.3237,0.4309
Dart,3.200,4.0317,1.9027,-2.3251,0.4325
Dart,3.233,4.0299,1.8884,-2.3261,0.4323
Dart,3.267,4.0289,1.8741,-2.3266,0.4303
Dart,3.300,4.0287,1.8750,-2.3265,0.0280
Dart,3.333,4.0278,1.8882,-2.3255,0.3962
Dart,3.367,4.0262,1.9002,-2.3236,0.3685
Dart,3.400,4.0238,1.9111,-2.3209,0.3433
Dart,3.433,4.0207,1.9207,-2.3174,0.3212
Dart,3.467,4.0170,1.9291,-2.3132,0.3028
Dart,3.500,4.0126,1.9361,-2.3083,0.2887
Dart,3.533,4.0078,1.9418,-2.3027,0.2795
Dart,3.567,4.0024,1.9462,-2.2967,0.2758
Dart,3.600,3.9966,1.9491,-2.2901,0.2778
Dart,3.633,3.9904,1.9506,-2.2830,0.2851
Dart,3.667,3.9838,1.9506,-2.2756,0.2974
Dart,3.700,3.9770,1.9493,-2.2678,0.3137
Dart,3.733,3.9699,1.9464,-2.2597,0.3332
Dart,3.767,3.9626,1.9422,-2.2515,0.3550
Dart,3.800,3.9551,1.9365,-2.2430,0.3784
Dart,3.833,3.9476,1.9295,-2.2344,0.4024
Dart,3.867,3.9400,1.9212,-2.2258,0.4266
Dart,3.900,3.9323,1.9116,-2.2171,0.4502
Dart,3.933,3.9248,1.9007,-2.2085,0.4729
Dart,3.967,3.9173,1.8888,-2.2001,0.4941
Dart,4.000,3.9100,1.8758,-2.1917,0.5133
Dart,4.033,3.9028,1.8618,-2.1836,0.5303
Dart,4.067,3.8959,1.8469,-2.1758,0.5447
Dart,4.100,3.8893,1.8313,-2.1683,0.5561
Dart,4.133,3.8830,1.8151,-2.1611,0.5642
Dart,4.167,3.8771,1.7984,-2.1544,0.5689
Dart,4.200,3.8716,1.7813,-2.1482,0.5698
Dart,4.233,3.8667,1.7639,-2.1426,0.5668
Dart,4.267,3.8622,1.7465,-2.1376,0.5598
Dart,4.300,3.8584,1.7292,-2.1332,0.5487
Dart,4.333,3.8551,1.7121,-2.1295,0.5334
Dart,4.367,3.8526,1.6954,-2.1266,0.5141
Dart,4.400,3.8508,1.6793,-2.1246,0.4909
Dart,4.433,3.8497,1.6639,-2.1234,0.4643
Dart,4.467,3.8495,1.6565,-2.1231,0.2207
Dart,4.500,3.8492,1.6708,-2.1228,0.4301
Dart,4.533,3.8485,1.6852,-2.1222,0.4311
Dart,4.567,3.8474,1.6994,-2.1213,0.4291
Dart,4.600,3.8459,1.7134,-2.1201,0.4239
Dart,4.633,3.8442,1.7271,-2.1186,0.4156
Dart,4.667,3.8421,1.7403,-2.1168,0.4043
Dart,4.700,3.8398,1.7529,-2.1149,0.3902
Dart,4.733,3.8372,1.7649,-2.1127,0.3734
Dart,4.767,3.8344,1.7761,-2.1103,0.3542
Dart,4.800,3.8314,1.7865,-2.1077,0.3328
Dart,4.833,3.8282,1.7959,-2.1050,0.3095
Dart,4.867,3.8248,1.8043,-2.1021,0.2849
Dart,4.900,3.8214,1.8117,-2.0992,0.2595
Dart,4.933,3.8178,1.8179,-2.0961,0.2339
Dart,4.967,3.8141,1.8229,-2.0930,0.2090
Dart,5.000,3.8104,1.8267,-2.0898,0.1862
Dart,5.033,3.8066,1.8293,-2.0866,0.1670
Dart,5.067,3.8028,1.8306,-2.0834,0.1536
Dart,5.100,3.7991,1.8307,-2.0803,0.1479
Dart,5.133,3.7954,1.8294,-2.0771,0.1509
Dart,5.167,3.7917,1.8269,-2.0740,0.1621
Dart,5.200,3.7882,1.8232,-2.0710,0.1794
Dart,5.233,3.7847,1.8183,-2.0680,0.2009
Dart,5.267,3.7814,1.8122,-2.0652,0.2247
Dart,5.300,3.7782,1.8050,-2.0625,0.2495
Dart,5.333,3.7752,1.7967,-2.0600,0.2743
Dart,5.367,3.7725,1.7875,-2.0576,0.2984
Dart,5.400,3.7700,1.7773,-2.0555,0.3213
Dart,5.433,3.7677,1.7663,-2.0535,0.3426
Dart,5.467,3.7657,1.7545,-2.0518,0.3620
Dart,5.500,3.7640,1.7420,-2.0504,0.3793
Dart,5.533,3.7626,1.7290,-2.0493,0.3942
Dart,5.567,3.7616,1.7155,-2.0484,0.4067
Dart,5.600,3.7610,1.7016,-2.0479,0.4168
Dart,5.633,3.7608,1.6875,-2.0477,0.4243
Dart,5.667,3.7621,1.7009,-2.0484,0.4055
Dart,5.700,3.7660,1.7156,-2.0507,0.4598
Dart,5.733,3.7723,1.7303,-2.0545,0.4952
Dart,5.767,3.7810,1.7451,-2.0596,0.5356
Dart,5.800,3.7918,1.7597,-2.0661,0.5780
Dart,5.833,3.8047,1.7740,-2.0736,0.6200
Dart,5.867,3.8194,1.7879,-2.0823,0.6602
Dart,5.900,3.8357,1.8013,-2.0920,0.6976
Dart,5.933,3.8536,1.8141,-2.1026,0.7318
Dart,5.967,3.8728,1.8261,-2.1140,0.7622
Dart,6.000,3.8933,1.8373,-2.1261,0.7887
Drift,0.000,4.8743,2.0841,-2.2154,0.0000
Drift,0.033,4.8766,2.0835,-2.2205,0.1700
Drift,0.067,4.8788,2.0829,-2.2257,0.1689
Drift,0.100,4.8809,2.0823,-2.2308,0.1679
Drift,0.133,4.8829,2.0816,-2.2360,0.1669
Drift,0.167,4.8847,2.0810,-2.2412,0.1659
Drift,0.200,4.8865,2.0803,-2.2463,0.1650
Drift,0.233,4.8882,2.0797,-2.2515,0.1641
Drift,0.267,4.8897,2.0790,-2.2567,0.1633
Drift,0.300,4.8912,2.0783,-2.2618,0.1625
Drift,0.333,4.8925,2.0776,-2.2670,0.1618
Drift,0.367,4.8937,2.0769,-2.2722,0.1612
Drift,0.400,4.8948,2.0761,-2.2774,0.1605
Drift,0.433,4.8958,2.0754,-2.2826,0.1600
Drift,0.467,4.8967,2.0747,-2.2878,0.1595
Drift,0.500,4.8975,2.0739,-2.2929,0.1590
Drift,0.533,4.8982,2.0732,-2.2981,0.1586
Drift,0.567,4.8988,2.0724,-2.3033,0.1583
Drift,0.600,4.8992,2.0716,-2.3085,0.1580
Drift,0.633,4.8996,2.0708,-2.3137,0.1578
Drift,0.667,4.8998,2.0700,-2.3189,0.1576
Drift,0.700,4.9000,2.0692,-2.3241,0.1575
Drift,0.733,4.9000,2.0683,-2.3292,0.1575
Drift,0.767,4.8999,2.0675,-2.3344,0.1575
Drift,0.800,4.8997,2.0667,-2.3396,0.1575
Drift,0.833,4.8994,2.0658,-2.3448,0.1577
Drift,0.867,4.8990,2.0649,-2.3500,0.1579
Drift,0.900,4.8985,2.0641,-2.3551,0.1581
Drift,0.933,4.8978,2.0632,-2.3603,0.1584
Drift,0.967,4.8971,2.0623,-2.3655,0.1587
Drift,1.000,4.8962,2.0614,-2.3706,0.1592
Drift,1.033,4.8953,2.0604,-2.3758,0.1596
Drift,1.067,4.8942,2.0595,-2.3809,0.1602
Drift,1.100,4.8930,2.0586,-2.3860,0.1607
Drift,1.133,4.8917,2.0576,-2.3912,0.1614
Drift,1.167,4.8903,2.0567,-2.3963,0.1621
Drift,1.200,4.8888,2.0557,-2.4014,0.1628
Drift,1.233,4.8872,2.0547,-2.4066,0.1636
Drift,1.267,4.8855,2.0537,-2.4117,0.1644
Drift,1.300,4.8837,2.0527,-2.4168,0.1653
Drift,1.333,4.8817,2.0517,-2.4219,0.1662
Drift,1.367,4.8797,2.0507,-2.4269,0.1672
Drift,1.400,4.8775,2.0497,-2.4320,0.1682
Drift,1.433,4.8753,2.0486,-2.4371,0.1693
Drift,1.467,4.8729,2.0476,-2.4421,0.1704
Drift,1.500,4.8704,2.0465,-2.4472,0.1715
Drift,1.533,4.8679,2.0455,-2.4522,0.1727
Drift,1.567,4.8652,2.0444,-2.4572,0.1739
Drift,1.600,4.8624,2.0433,-2.4623,0.1752
Drift,1.633,4.8595,2.0422,-2.4673,0.1764
Drift,1.667,4.8565,2.0411,-2.4723,0.1778
Drift,1.700,4.8534,2.0400,-2.4772,0.1791
Drift,1.733,4.8502,2.0389,-2.4822,0.1805
Drift,1.767,4.8469,2.0377,-2.4872,0.1819
Drift,1.800,4.8435,2.0366,-2.4921,0.1833
Drift,1.833,4.8400,2.0355,-2.4970,0.1848
Drift,1.867,4.8364,2.0343,-2.5019,0.1862
Drift,1.900,4.8327,2.0331,-2.5068,0.1877
Drift,1.933,4.8288,2.0320,-2.5117,0.1893
Drift,1.967,4.8249,2.0308,-2.5166,0.1908
Drift,2.000,4.8209,2.0296,-2.5215,0.1924
Drift,2.033,4.8168,2.0284,-2.5263,0.1939
Drift,2.067,4.8126,2.0272,-2.5311,0.1955
Drift,2.100,4.8083,2.0259,-2.5359,0.1971
Drift,2.133,4.8039,2.0247,-2.5407,0.1987
Drift,2.167,4.7994,2.0235,-2.5455,0.2004
Drift,2.200,4.7948,2.0222,-2.5503,0.2020
Drift,2.233,4.7901,2.0210,-2.5550,0.2036
Drift,2.267,4.7853,2.0197,-2.5597,0.2053
Drift,2.300,4.7804,2.0184,-2.5645,0.2070
Drift,2.333,4.7755,2.0172,-2.5691,0.2086
Drift,2.367,4.7704,2.0159,-2.5738,0.2103
Drift,2.400,4.7652,2.0146,-2.5785,0.2120
Drift,2.433,4.7600,2.0133,-2.5831,0.2136
Drift,2.467,4.7547,2.0120,-2.5877,0.2153
Drift,2.500,4.7492,2.0106,-2.5923,0.2170
Drift,2.533,4.7437,2.0093,-2.5969,0.2187
Drift,2.567,4.7381,2.0080,-2.6014,0.2203
Drift,2.600,4.7324,2.0066,-2.6060,0.2220
Drift,2.633,4.7266,2.0053,-2.6105,0.2237
Drift,2.667,4.7208,2.0039,-2.6150,0.2253
Drift,2.700,4.7148,2.0025,-2.6194,0.2270
Drift,2.733,4.7088,2.0012,-2.6239,0.2287
Drift,2.767,4.7027,1.9998,-2.6283,0.2303
Drift,2.800,4.6965,1.9984,-2.6327,0.2319
Drift,2.833,4.6902,1.9970,-2.6371,0.2336
Drift,2.867,4.6838,1.9956,-2.6414,0.2352
Drift,2.900,4.6774,1.9942,-2.6458,0.2368
Drift,2.933,4.6708,1.9927,-2.6501,0.2384
Drift,2.967,4.6642,1.9913,-2.6544,0.2400
Drift,3.000,4.6576,1.9899,-2.6586,0.2415
Drift,3.033,4.6508,1.9884,-2.6628,0.2431
Drift,3.067,4.6440,1.9870,-2.6670,0.2446
Drift,3.100,4.6371,1.9855,-2.6712,0.2461
Drift,3.133,4.6301,1.9840,-2.6754,0.2477
Drift,3.167,4.6230,1.9826,-2.6795,0.2491
Drift,3.200,4.6159,1.9811,-2.6836,0.2506
Drift,3.233,4.6087,1.9796,-2.6877,0.2521
Drift,3.267,4.6015,1.9781,-2.6918,0.2535
Drift,3.300,4.5941,1.9766,-2.6958,0.2550
Drift,3.333,4.5867,1.9751,-2.6998,0.2564
Drift,3.367,4.5793,1.9736,-2.7037,0.2578
Drift,3.400,4.5717,1.9721,-2.7077,0.2591
Drift,3.433,4.5641,1.9705,-2.7116,0.2605
Drift,3.467,4.5565,1.9690,-2.7155,0.2618
Drift,3.500,4.5487,1.9674,-2.7193,0.2631
Drift,3.533,4.5409,1.9659,-2.7232,0.2644
Drift,3.567,4.5331,1.9643,-2.7270,0.2656
Drift,3.600,4.5252,1.9628,-2.7307,0.2669
Drift,3.633,4.5172,1.9612,-2.7345,0.2681
Drift,3.667,4.5092,1.9596,-2.7382,0.2693
Drift,3.700,4.5011,1.9581,-2.7419,0.2705
Drift,3.733,4.4930,1.9565,-2.7455,0.2716
Drift,3.767,4.4848,1.9549,-2.7491,0.2727
Drift,3.800,4.4766,1.9533,-2.7527,0.2738
Drift,3.833,4.4683,1.9517,-2.7563,0.2748
Drift,3.867,4.4599,1.9501,-2.7598,0.2759
Drift,3.900,4.4516,1.9485,-2.7633,0.2769
Drift,3.933,4.4431,1.9468,-2.7667,0.2779
Drift,3.967,4.4346,1.9452,-2.7702,0.2789
Drift,4.000,4.4261,1.9436,-2.7736,0.2798
Drift,4.033,4.4175,1.9419,-2.7769,0.2807
Drift,4.067,4.4089,1.9403,-2.7803,0.2816
Drift,4.100,4.4002,1.9387,-2.7835,0.2824
Drift,4.133,4.3915,1.9370,-2.7868,0.2832
Drift,4.167,4.3828,1.9353,-2.7900,0.2840
Drift,4.200,4.3740,1.9337,-2.7932,0.2848
Drift,4.233,4.3652,1.9320,-2.7964,0.2855
Drift,4.267,4.3563,1.9303,-2.7995,0.2862
Drift,4.300,4.3474,1.9287,-2.8026,0.2869
Drift,4.333,4.3385,1.9270,-2.8057,0.2875
Drift,4.367,4.3296,1.9253,-2.8087,0.2881
Drift,4.400,4.3206,1.9236,-2.8117,0.2887
Drift,4.433,4.3116,1.9219,-2.8146,0.2892
Drift,4.467,4.3025,1.9202,-2.8175,0.2897
Drift,4.500,4.2934,1.9185,-2.8204,0.2902
Drift,4.533,4.2843,1.9168,-2.8233,0.2907
Drift,4.567,4.2752,1.9150,-2.8261,0.2911
Drift,4.600,4.2660,1.9133,-2.8289,0.2915
Drift,4.633,4.2569,1.9116,-2.8316,0.2918
Drift,4.667,4.2477,1.9099,-2.8343,0.2922
Drift,4.700,4.2385,1.9081,-2.8369,0.2925
Drift,4.733,4.2292,1.9064,-2.8396,0.2927
Drift,4.767,4.2200,1.9047,-2.8422,0.2930
Drift,4.800,4.2107,1.9029,-2.8447,0.2931
Drift,4.833,4.2014,1.9012,-2.8472,0.2933
Drift,4.867,4.1921,1.8994,-2.8497,0.2934
Drift,4.900,4.1828,1.8976,-2.8521,0.2935
Drift,4.933,4.1735,1.8959,-2.8545,0.2936
Drift,4.967,4.1641,1.8941,-2.8569,0.2936
Drift,5.000,4.1548,1.8923,-2.8592,0.2936
Drift,5.033,4.1455,1.8906,-2.8615,0.2936
Drift,5.067,4.1361,1.8888,-2.8637,0.2935
Drift,5.100,4.1267,1.8870,-2.8659,0.2934
Drift,5.133,4.1174,1.8852,-2.8681,0.2933
Drift,5.167,4.1080,1.8834,-2.8702,0.2931
Drift,5.200,4.0986,1.8817,-2.8723,0.2929
Drift,5.233,4.0893,1.8799,-2.8744,0.2926
Drift,5.267,4.0799,1.8781,-2.8764,0.2924
Drift,5.300,4.0705,1.8763,-2.8783,0.2921
Drift,5.333,4.0612,1.8745,-2.8803,0.2917
Drift,5.367,4.0518,1.8727,-2.8822,0.2913
Drift,5.400,4.0425,1.8708,-2.8840,0.2909
Drift,5.433,4.0331,1.8690,-2.8858,0.2905
Drift,5.467,4.0238,1.8672,-2.8876,0.2900
Drift,5.500,4.0145,1.8654,-2.8893,0.2895
Drift,5.533,4.0052,1.8636,-2.8910,0.2890
Drift,5.567,3.9959,1.8618,-2.8926,0.2884
Drift,5.600,3.9866,1.8599,-2.8942,0.2878
Drift,5.633,3.9773,1.8581,-2.8958,0.2871
Drift,5.667,3.9681,1.8563,-2.8973,0.2865
Drift,5.700,3.9589,1.8545,-2.8988,0.2858
Drift,5.733,3.9497,1.8526,-2.9002,0.2850
Drift,5.767,3.9405,1.8508,-2.9016,0.2842
Drift,5.800,3.9313,1.8490,-2.9030,0.2835
Drift,5.833,3.9222,1.8471,-2.9043,0.2826
Drift,5.867,3.9130,1.8453,-2.9056,0.2817
Drift,5.900,3.9039,1.8434,-2.9068,0.2808
Drift,5.933,3.8949,1.8416,-2.9080,0.2799
Drift,5.967,3.8858,1.8398,-2.9091,0.2789
Drift,6.000,3.8768,1.8379,-2.9102,0.2779
GroundScuttle,0.000,4.6701,1.8000,-2.4434,0.0000
GroundScuttle,0.033,4.6839,1.8000,-2.4709,0.9234
GroundScuttle,0.067,4.6935,1.8000,-2.4976,0.8502
GroundScuttle,0.100,4.6987,1.8000,-2.5233,0.7878
GroundScuttle,0.133,4.6996,1.8000,-2.5480,0.7402
GroundScuttle,0.167,4.6962,1.8000,-2.5714,0.7113
GroundScuttle,0.200,4.6885,1.8000,-2.5936,0.7035
GroundScuttle,0.233,4.6766,1.8000,-2.6143,0.7167
GroundScuttle,0.267,4.6607,1.8000,-2.6336,0.7486
GroundScuttle,0.300,4.6409,1.8000,-2.6512,0.7954
GroundScuttle,0.333,4.6174,1.8000,-2.6671,0.8524
GroundScuttle,0.367,4.5903,1.8000,-2.6813,0.9157
GroundScuttle,0.400,4.5600,1.8000,-2.6936,0.9816
GroundScuttle,0.433,4.5267,1.8000,-2.7040,1.0473
GroundScuttle,0.467,4.4907,1.8000,-2.7125,1.1106
GroundScuttle,0.500,4.4522,1.8000,-2.7190,1.1696
GroundScuttle,0.533,4.4117,1.8000,-2.7235,1.2231
GroundScuttle,0.567,4.3695,1.8000,-2.7259,1.2699
GroundScuttle,0.600,4.3258,1.8000,-2.7263,1.3093
GroundScuttle,0.633,4.2812,1.8000,-2.7246,1.3406
GroundScuttle,0.667,4.2359,1.8000,-2.7209,1.3634
GroundScuttle,0.700,4.1903,1.8000,-2.7152,1.3775
GroundScuttle,0.733,4.1449,1.8000,-2.7074,1.3829
GroundScuttle,0.767,4.0999,1.8000,-2.6977,1.3795
GroundScuttle,0.800,4.0558,1.8000,-2.6861,1.3677
GroundScuttle,0.833,4.0130,1.8000,-2.6726,1.3478
GroundScuttle,0.867,3.9717,1.8000,-2.6573,1.3203
GroundScuttle,0.900,3.9323,1.8000,-2.6403,1.2861
GroundScuttle,0.933,3.8952,1.8000,-2.6217,1.2460
GroundScuttle,0.967,3.8607,1.8000,-2.6015,1.2011
GroundScuttle,1.000,3.8289,1.8000,-2.5799,1.1528
GroundScuttle,1.033,3.8002,1.8000,-2.5569,1.1026
GroundScuttle,1.067,3.7749,1.8000,-2.5326,1.0523
GroundScuttle,1.100,3.7530,1.8000,-2.5073,1.0041
GroundScuttle,1.133,3.7348,1.8000,-2.4810,0.9602
GroundScuttle,1.167,3.7205,1.8000,-2.4537,0.9231
GroundScuttle,1.200,3.7101,1.8000,-2.4258,0.8952
GroundScuttle,1.233,3.7036,1.8000,-2.3972,0.8783
GroundScuttle,1.267,3.7013,1.8000,-2.3682,0.8739
GroundScuttle,1.300,3.7030,1.8000,-2.3388,0.8823
GroundScuttle,1.333,3.7087,1.8000,-2.3093,0.9029
GroundScuttle,1.367,3.7184,1.8000,-2.2797,0.9342
GroundScuttle,1.400,3.7319,1.8000,-2.2502,0.9740
GroundScuttle,1.433,3.7493,1.8000,-2.2209,1.0199
GroundScuttle,1.467,3.7702,1.8000,-2.1921,1.0696
GroundScuttle,1.500,3.7945,1.8000,-2.1637,1.1207
GroundScuttle,1.533,3.8220,1.8000,-2.1360,1.1711
GroundScuttle,1.567,3.8525,1.8000,-2.1091,1.2192
GroundScuttle,1.600,3.8856,1.8000,-2.0831,1.2633
GroundScuttle,1.633,3.9211,1.8000,-2.0582,1.3022
GroundScuttle,1.667,3.9587,1.8000,-2.0344,1.3347
GroundScuttle,1.700,3.9981,1.8000,-2.0119,1.3598
GroundScuttle,1.733,4.0388,1.8000,-1.9908,1.3769
GroundScuttle,1.767,4.0806,1.8000,-1.9712,1.3854
GroundScuttle,1.800,4.1231,1.8000,-1.9531,1.3847
GroundScuttle,1.833,4.1659,1.8000,-1.9368,1.3747
GroundScuttle,1.867,4.2086,1.8000,-1.9221,1.3550
GroundScuttle,1.900,4.2510,1.8000,-1.9093,1.3258
GroundScuttle,1.933,4.2924,1.8000,-1.8984,1.2871
GroundScuttle,1.967,4.3328,1.8000,-1.8895,1.2391
GroundScuttle,2.000,4.3715,1.8000,-1.8825,1.1824
GroundScuttle,2.033,4.4085,1.8000,-1.8775,1.1173
GroundScuttle,2.067,4.4432,1.8000,-1.8745,1.0448
GroundScuttle,2.100,4.4753,1.8000,-1.8736,0.9658
GroundScuttle,2.133,4.5047,1.8000,-1.8748,0.8818
GroundScuttle,2.167,4.5310,1.8000,-1.8780,0.7944
GroundScuttle,2.200,4.5540,1.8000,-1.8832,0.7065
GroundScuttle,2.233,4.5734,1.8000,-1.8904,0.6216
GroundScuttle,2.267,4.5890,1.8000,-1.8996,0.5456
GroundScuttle,2.300,4.6008,1.8000,-1.9108,0.4865
GroundScuttle,2.333,4.6086,1.8000,-1.9238,0.4546
GroundScuttle,2.367,4.6122,1.8000,-1.9386,0.4581
GroundScuttle,2.400,4.6117,1.8000,-1.9552,0.4974
GroundScuttle,2.433,4.6069,1.8000,-1.9734,0.5652
GroundScuttle,2.467,4.5980,1.8000,-1.9932,0.6520
GroundScuttle,2.500,4.5849,1.8000,-2.0145,0.7499
GroundScuttle,2.533,4.5677,1.8000,-2.0372,0.8534
GroundScuttle,2.567,4.5465,1.8000,-2.0611,0.9586
GroundScuttle,2.600,4.5215,1.8000,-2.0862,1.0627
GroundScuttle,2.633,4.4928,1.8000,-2.1123,1.1636
GroundScuttle,2.667,4.4606,1.8000,-2.1393,1.2598
GroundScuttle,2.700,4.4253,1.8000,-2.1671,1.3498
GroundScuttle,2.733,4.3869,1.8000,-2.1955,1.4325
GroundScuttle,2.767,4.3458,1.8000,-2.2244,1.5069
GroundScuttle,2.800,4.3024,1.8000,-2.2537,1.5721
GroundScuttle,2.833,4.2568,1.8000,-2.2832,1.6276
GroundScuttle,2.867,4.2096,1.8000,-2.3128,1.6726
GroundScuttle,2.900,4.1610,1.8000,-2.3424,1.7065
GroundScuttle,2.933,4.1114,1.8000,-2.3717,1.7292
GroundScuttle,2.967,4.0611,1.8000,-2.4007,1.7401
GroundScuttle,3.000,4.0106,1.8000,-2.4292,1.7392
GroundScuttle,3.033,3.9603,1.8000,-2.4570,1.7264
GroundScuttle,3.067,3.9105,1.8000,-2.4842,1.7015
GroundScuttle,3.100,3.8616,1.8000,-2.5104,1.6649
GroundScuttle,3.133,3.8140,1.8000,-2.5356,1.6165
GroundScuttle,3.167,3.7680,1.8000,-2.5597,1.5569
GroundScuttle,3.200,3.7240,1.8000,-2.5825,1.4862
GroundScuttle,3.233,3.6824,1.8000,-2.6040,1.4051
GroundScuttle,3.267,3.6434,1.8000,-2.6240,1.3140
GroundScuttle,3.300,3.6074,1.8000,-2.6425,1.2136
GroundScuttle,3.333,3.5747,1.8000,-2.6593,1.1046
GroundScuttle,3.367,3.5454,1.8000,-2.6743,0.9879
GroundScuttle,3.400,3.5198,1.8000,-2.6876,0.8642
GroundScuttle,3.433,3.4982,1.8000,-2.6990,0.7344
GroundScuttle,3.467,3.4806,1.8000,-2.7085,0.5996
GroundScuttle,3.500,3.4672,1.8000,-2.7160,0.4607
GroundScuttle,3.533,3.4581,1.8000,-2.7215,0.3190
GroundScuttle,3.567,3.4533,1.8000,-2.7249,0.1761
GroundScuttle,3.600,3.4530,1.8000,-2.7264,0.0439
GroundScuttle,3.633,3.4570,1.8000,-2.7257,0.1231
GroundScuttle,3.667,3.4654,1.8000,-2.7231,0.2647
GroundScuttle,3.700,3.4781,1.8000,-2.7183,0.4061
GroundScuttle,3.733,3.4950,1.8000,-2.7116,0.5447
GroundScuttle,3.767,3.5159,1.8000,-2.7029,0.6793
GroundScuttle,3.800,3.5407,1.8000,-2.6922,0.8088
GroundScuttle,3.833,3.5691,1.8000,-2.6797,0.9323
GroundScuttle,3.867,3.6010,1.8000,-2.6653,1.0488
GroundScuttle,3.900,3.6360,1.8000,-2.6492,1.1576
GroundScuttle,3.933,3.6740,1.8000,-2.6313,1.2578
GroundScuttle,3.967,3.7145,1.8000,-2.6119,1.3487
GroundScuttle,4.000,3.7573,1.8000,-2.5910,1.4298
GroundScuttle,4.033,3.8021,1.8000,-2.5687,1.5005
GroundScuttle,4.067,3.8484,1.8000,-2.5451,1.5603
GroundScuttle,4.100,3.8960,1.8000,-2.5203,1.6089
GroundScuttle,4.133,3.9444,1.8000,-2.4944,1.6460
GroundScuttle,4.167,3.9932,1.8000,-2.4676,1.6715
GroundScuttle,4.200,4.0422,1.8000,-2.4400,1.6853
GroundScuttle,4.233,4.0908,1.8000,-2.4118,1.6874
GroundScuttle,4.267,4.1387,1.8000,-2.3830,1.6778
GroundScuttle,4.300,4.1856,1.8000,-2.3537,1.6570
GroundScuttle,4.333,4.2310,1.8000,-2.3243,1.6251
GroundScuttle,4.367,4.2747,1.8000,-2.2947,1.5827
GroundScuttle,4.400,4.3163,1.8000,-2.2651,1.5304
GroundScuttle,4.433,4.3554,1.8000,-2.2357,1.4686
GroundScuttle,4.467,4.3919,1.8000,-2.2066,1.3984
GroundScuttle,4.500,4.4253,1.8000,-2.1780,1.3206
GroundScuttle,4.533,4.4555,1.8000,-2.1500,1.2362
GroundScuttle,4.567,4.4822,1.8000,-2.1226,1.1466
GroundScuttle,4.600,4.5053,1.8000,-2.0962,1.0533
GroundScuttle,4.633,4.5245,1.8000,-2.0707,0.9582
GroundScuttle,4.667,4.5398,1.8000,-2.0463,0.8636
GroundScuttle,4.700,4.5511,1.8000,-2.0231,0.7725
GroundScuttle,4.733,4.5582,1.8000,-2.0013,0.6890
GroundScuttle,4.767,4.5612,1.8000,-1.9809,0.6183
GroundScuttle,4.800,4.5601,1.8000,-1.9621,0.5665
GroundScuttle,4.833,4.5549,1.8000,-1.9448,0.5399
GroundScuttle,4.867,4.5456,1.8000,-1.9293,0.5418
GroundScuttle,4.900,4.5325,1.8000,-1.9156,0.5706
GroundScuttle,4.933,4.5155,1.8000,-1.9037,0.6208
GroundScuttle,4.967,4.4950,1.8000,-1.8938,0.6854
GroundScuttle,5.000,4.4710,1.8000,-1.8858,0.7582
GroundScuttle,5.033,4.4438,1.8000,-1.8797,0.8345
GroundScuttle,5.067,4.4137,1.8000,-1.8758,0.9107
GroundScuttle,5.100,4.3810,1.8000,-1.8738,0.9842
GroundScuttle,5.133,4.3459,1.8000,-1.8739,1.0533
GroundScuttle,5.167,4.3087,1.8000,-1.8761,1.1164
GroundScuttle,5.200,4.2699,1.8000,-1.8803,1.1726
GroundScuttle,5.233,4.2297,1.8000,-1.8865,1.2209
GroundScuttle,5.267,4.1884,1.8000,-1.8947,1.2609
GroundScuttle,5.300,4.1466,1.8000,-1.9049,1.2921
GroundScuttle,5.333,4.1045,1.8000,-1.9170,1.3143
GroundScuttle,5.367,4.0625,1.8000,-1.9309,1.3274
GroundScuttle,5.400,4.0210,1.8000,-1.9466,1.3315
GroundScuttle,5.433,3.9803,1.8000,-1.9640,1.3268
GroundScuttle,5.467,3.9408,1.8000,-1.9830,1.3137
GroundScuttle,5.500,3.9030,1.8000,-2.0035,1.2926
GroundScuttle,5.533,3.8670,1.8000,-2.0255,1.2645
GroundScuttle,5.567,3.8333,1.8000,-2.0488,1.2300
GroundScuttle,5.600,3.8021,1.8000,-2.0733,1.1904
GroundScuttle,5.633,3.7737,1.8000,-2.0989,1.1468
GroundScuttle,5.667,3.7484,1.8000,-2.1255,1.1009
GroundScuttle,5.700,3.7263,1.8000,-2.1529,1.0545
GroundScuttle,5.733,3.7079,1.8000,-2.1810,1.0096
GroundScuttle,5.767,3.6930,1.8000,-2.2097,0.9685
GroundScuttle,5.800,3.6821,1.8000,-2.2388,0.9336
GroundScuttle,5.833,3.6751,1.8000,-2.2682,0.9073
GroundScuttle,5.867,3.6721,1.8000,-2.2978,0.8917
GroundScuttle,5.900,3.6732,1.8000,-2.3274,0.8881
GroundScuttle,5.933,3.6784,1.8000,-2.3568,0.8972
GroundScuttle,5.967,3.6877,1.8000,-2.3860,0.9185
GroundScuttle,6.000,3.7010,1.8000,-2.4148,0.9507
Hop,0.000,3.9905,1.9439,-2.2579,0.0000
Hop,0.033,3.9998,1.9627,-2.2692,0.7152
Hop,0.067,4.0101,1.9805,-2.2817,0.7200
Hop,0.100,4.0212,1.9971,-2.2952,0.7238
Hop,0.133,4.0332,2.0124,-2.3097,0.7266
Hop,0.167,4.0459,2.0263,-2.3250,0.7284
Hop,0.200,4.0592,2.0387,-2.3411,0.7295
Hop,0.233,4.0730,2.0496,-2.3579,0.7299
Hop,0.267,4.0874,2.0588,-2.3753,0.7298
Hop,0.300,4.1021,2.0664,-2.3931,0.7295
Hop,0.333,4.1171,2.0722,-2.4113,0.7289
Hop,0.367,4.1323,2.0763,-2.4297,0.7284
Hop,0.400,4.1477,2.0785,-2.4484,0.7281
Hop,0.433,4.1632,2.0790,-2.4671,0.7279
Hop,0.467,4.1786,2.0776,-2.4857,0.7279
Hop,0.500,4.1939,2.0744,-2.5043,0.7282
Hop,0.533,4.2091,2.0695,-2.5226,0.7287
Hop,0.567,4.2240,2.0628,-2.5406,0.7292
Hop,0.600,4.2385,2.0543,-2.5582,0.7297
Hop,0.633,4.2526,2.0443,-2.5753,0.7299
Hop,0.667,4.2662,2.0326,-2.5918,0.7298
Hop,0.700,4.2792,2.0194,-2.6075,0.7290
Hop,0.733,4.2915,2.0048,-2.6224,0.7276
Hop,0.767,4.3031,1.9888,-2.6364,0.7253
Hop,0.800,4.3138,1.9716,-2.6494,0.7220
Hop,0.833,4.3236,1.9533,-2.6613,0.7177
Hop,0.867,4.3324,1.9340,-2.6720,0.7124
Hop,0.900,4.3402,1.9139,-2.6813,0.7063
Hop,0.933,4.3467,1.8930,-2.6893,0.6995
Hop,0.967,4.3520,1.8715,-2.6957,0.6925
Hop,1.000,4.3560,1.8495,-2.7006,0.6858
Hop,1.033,4.3586,1.8272,-2.7037,0.6801
Hop,1.067,4.3597,1.8047,-2.7051,0.6764
Hop,1.100,4.3598,1.8000,-2.7051,0.1406
Hop,1.133,4.3598,1.8000,-2.7051,0.0000
Hop,1.167,4.3598,1.8000,-2.7051,0.0000
Hop,1.200,4.3598,1.8000,-2.7051,0.0000
Hop,1.233,4.3598,1.8000,-2.7051,0.0000
Hop,1.267,4.3598,1.8000,-2.7051,0.0000
Hop,1.300,4.3598,1.8000,-2.7051,0.0000
Hop,1.333,4.3598,1.8000,-2.7051,0.0000
Hop,1.367,4.3598,1.8000,-2.7051,0.0000
Hop,1.400,4.3598,1.8000,-2.7051,0.0000
Hop,1.433,4.3598,1.8000,-2.7051,0.0000
Hop,1.467,4.3598,1.8000,-2.7051,0.0000
Hop,1.500,4.3598,1.8000,-2.7051,0.0000
Hop,1.533,4.3598,1.8000,-2.7051,0.0000
Hop,1.567,4.3598,1.8000,-2.7051,0.0000
Hop,1.600,4.3598,1.8000,-2.7051,0.0000
Hop,1.633,4.3598,1.8000,-2.7051,0.0000
Hop,1.667,4.3598,1.8000,-2.7051,0.0000
Hop,1.700,4.3598,1.8000,-2.7051,0.0000
Hop,1.733,4.3598,1.8000,-2.7051,0.0000
Hop,1.767,4.3598,1.8000,-2.7051,0.0000
Hop,1.800,4.3598,1.8000,-2.7051,0.0000
Hop,1.833,4.3598,1.8000,-2.7051,0.0000
Hop,1.867,4.3598,1.8000,-2.7051,0.0000
Hop,1.900,4.3598,1.8000,-2.7051,0.0000
Hop,1.933,4.3598,1.8000,-2.7051,0.0000
Hop,1.967,4.3598,1.8000,-2.7051,0.0000
Hop,2.000,4.3598,1.8000,-2.7051,0.0000
Hop,2.033,4.3593,1.8137,-2.7049,0.4099
Hop,2.067,4.3568,1.8361,-2.7038,0.6778
Hop,2.100,4.3522,1.8583,-2.7017,0.6831
Hop,2.133,4.3455,1.8801,-2.6987,0.6901
Hop,2.167,4.3370,1.9014,-2.6949,0.6981
Hop,2.200,4.3266,1.9220,-2.6903,0.7063
Hop,2.233,4.3146,1.9418,-2.6849,0.7141
Hop,2.267,4.3010,1.9608,-2.6788,0.7214
Hop,2.300,4.2861,1.9786,-2.6721,0.7277
Hop,2.333,4.2698,1.9953,-2.6649,0.7330
Hop,2.367,4.2523,2.0108,-2.6571,0.7373
Hop,2.400,4.2338,2.0248,-2.6488,0.7406
Hop,2.433,4.2143,2.0374,-2.6401,0.7429
Hop,2.467,4.1940,2.0485,-2.6310,0.7445
Hop,2.500,4.1731,2.0579,-2.6216,0.7455
Hop,2.533,4.1515,2.0657,-2.6120,0.7461
Hop,2.567,4.1294,2.0717,-2.6021,0.7463
Hop,2.600,4.1071,2.0759,-2.5921,0.7463
Hop,2.633,4.0845,2.0784,-2.5820,0.7463
Hop,2.667,4.0618,2.0790,-2.5719,0.7463
Hop,2.700,4.0391,2.0779,-2.5617,0.7463
Hop,2.733,4.0165,2.0749,-2.5516,0.7463
Hop,2.767,3.9942,2.0701,-2.5417,0.7463
Hop,2.800,3.9723,2.0636,-2.5319,0.7463
Hop,2.833,3.9509,2.0553,-2.5223,0.7460
Hop,2.867,3.9301,2.0454,-2.5130,0.7453
Hop,2.900,3.9101,2.0339,-2.5040,0.7441
Hop,2.933,3.8909,2.0209,-2.4955,0.7423
Hop,2.967,3.8726,2.0064,-2.4873,0.7397
Hop,3.000,3.8555,1.9906,-2.4796,0.7361
Hop,3.033,3.8396,1.9736,-2.4725,0.7316
Hop,3.067,3.8250,1.9554,-2.4660,0.7260
Hop,3.100,3.8119,1.9362,-2.4601,0.7194
Hop,3.133,3.8003,1.9161,-2.4550,0.7119
Hop,3.167,3.7905,1.8953,-2.4506,0.7039
Hop,3.200,3.7825,1.8738,-2.4470,0.6957
Hop,3.233,3.7764,1.8519,-2.4443,0.6879
Hop,3.267,3.7723,1.8296,-2.4425,0.6813
Hop,3.300,3.7705,1.8071,-2.4416,0.6768
Hop,3.333,3.7704,1.8000,-2.4416,0.2137
Hop,3.367,3.7704,1.8000,-2.4416,0.0000
Hop,3.400,3.7704,1.8000,-2.4416,0.0000
Hop,3.433,3.7704,1.8000,-2.4416,0.0000
Hop,3.467,3.7704,1.8000,-2.4416,0.0000
Hop,3.500,3.7704,1.8000,-2.4416,0.0000
Hop,3.533,3.7704,1.8000,-2.4416,0.0000
Hop,3.567,3.7704,1.8000,-2.4416,0.0000
Hop,3.600,3.7704,1.8000,-2.4416,0.0000
Hop,3.633,3.7704,1.8000,-2.4416,0.0000
Hop,3.667,3.7704,1.8000,-2.4416,0.0000
Hop,3.700,3.7704,1.8000,-2.4416,0.0000
Hop,3.733,3.7704,1.8000,-2.4416,0.0000
Hop,3.767,3.7704,1.8000,-2.4416,0.0000
Hop,3.800,3.7704,1.8000,-2.4416,0.0000
Hop,3.833,3.7704,1.8000,-2.4416,0.0000
Hop,3.867,3.7704,1.8000,-2.4416,0.0000
Hop,3.900,3.7704,1.8000,-2.4416,0.0000
Hop,3.933,3.7704,1.8000,-2.4416,0.0000
Hop,3.967,3.7704,1.8000,-2.4416,0.0000
Hop,4.000,3.7704,1.8000,-2.4416,0.0000
Hop,4.033,3.7704,1.8000,-2.4416,0.0000
Hop,4.067,3.7704,1.8000,-2.4416,0.0000
Hop,4.100,3.7704,1.8000,-2.4416,0.0000
Hop,4.133,3.7704,1.8000,-2.4416,0.0000
Hop,4.167,3.7704,1.8000,-2.4416,0.0000
Hop,4.200,3.7704,1.8000,-2.4416,0.0000
Hop,4.233,3.7704,1.8000,-2.4416,0.0000
Hop,4.267,3.7704,1.8112,-2.4413,0.3368
Hop,4.300,3.7705,1.8337,-2.4388,0.6773
Hop,4.333,3.7707,1.8559,-2.4340,0.6821
Hop,4.367,3.7711,1.8778,-2.4270,0.6886
Hop,4.400,3.7715,1.8991,-2.4180,0.6961
Hop,4.433,3.7721,1.9198,-2.4069,0.7039
Hop,4.467,3.7727,1.9397,-2.3941,0.7113
Hop,4.500,3.7734,1.9588,-2.3796,0.7180
Hop,4.533,3.7742,1.9767,-2.3635,0.7239
Hop,4.567,3.7750,1.9936,-2.3460,0.7288
Hop,4.600,3.7760,2.0092,-2.3273,0.7326
Hop,4.633,3.7769,2.0234,-2.3073,0.7355
Hop,4.667,3.7780,2.0361,-2.2863,0.7375
Hop,4.700,3.7790,2.0473,-2.2644,0.7387
Hop,4.733,3.7801,2.0570,-2.2418,0.7394
Hop,4.767,3.7813,2.0649,-2.2184,0.7396
Hop,4.800,3.7825,2.0711,-2.1946,0.7395
Hop,4.833,3.7836,2.0756,-2.1704,0.7394
Hop,4.867,3.7848,2.0782,-2.1459,0.7392
Hop,4.900,3.7860,2.0790,-2.1213,0.7391
Hop,4.933,3.7872,2.0781,-2.0968,0.7391
Hop,4.967,3.7884,2.0753,-2.0723,0.7392
Hop,5.000,3.7896,2.0707,-2.0481,0.7394
Hop,5.033,3.7908,2.0644,-2.0243,0.7396
Hop,5.067,3.7919,2.0563,-2.0011,0.7396
Hop,5.100,3.7930,2.0466,-1.9784,0.7393
Hop,5.133,3.7941,2.0352,-1.9566,0.7386
Hop,5.167,3.7951,2.0224,-1.9357,0.7373
Hop,5.200,3.7961,2.0081,-1.9158,0.7353
Hop,5.233,3.7970,1.9924,-1.8971,0.7324
Hop,5.267,3.7979,1.9755,-1.8797,0.7285
Hop,5.300,3.7987,1.9574,-1.8638,0.7235
Hop,5.333,3.7994,1.9383,-1.8494,0.7176
Hop,5.367,3.8000,1.9183,-1.8367,0.7107
Hop,5.400,3.8005,1.8975,-1.8258,0.7033
Hop,5.433,3.8010,1.8761,-1.8169,0.6956
Hop,5.467,3.8013,1.8543,-1.8101,0.6881
Hop,5.500,3.8015,1.8320,-1.8054,0.6817
Hop,5.533,3.8016,1.8096,-1.8032,0.6771
Hop,5.567,3.8016,1.8000,-1.8029,0.2868
Hop,5.600,3.8016,1.8000,-1.8029,0.0000
Hop,5.633,3.8016,1.8000,-1.8029,0.0000
Hop,5.667,3.8016,1.8000,-1.8029,0.0000
Hop,5.700,3.8016,1.8000,-1.8029,0.0000
Hop,5.733,3.8016,1.8000,-1.8029,0.0000
Hop,5.767,3.8016,1.8000,-1.8029,0.0000
Hop,5.800,3.8016,1.8000,-1.8029,0.0000
Hop,5.833,3.8016,1.8000,-1.8029,0.0000
Hop,5.867,3.8016,1.8000,-1.8029,0.0000
Hop,5.900,3.8016,1.8000,-1.8029,0.0000
Hop,5.933,3.8016,1.8000,-1.8029,0.0000
Hop,5.967,3.8016,1.8000,-1.8029,0.0000
Hop,6.000,3.8016,1.8000,-1.8029,0.0000
Flock,0.000,3.7163,1.6002,-2.4404,0.0000
Flock,0.033,3.7194,1.5967,-2.4351,0.2113
Flock,0.067,3.7226,1.5932,-2.4297,0.2156
Flock,0.100,3.7257,1.5897,-2.4241,0.2199
Flock,0.133,3.7289,1.5861,-2.4183,0.2242
Flock,0.167,3.7322,1.5826,-2.4124,0.2286
Flock,0.200,3.7355,1.5791,-2.4063,0.2330
Flock,0.233,3.7389,1.5756,-2.4001,0.2373
Flock,0.267,3.7424,1.5721,-2.3937,0.2417
Flock,0.300,3.7460,1.5687,-2.3872,0.2461
Flock,0.333,3.7496,1.5653,-2.3805,0.2506
Flock,0.367,3.7534,1.5620,-2.3736,0.2550
Flock,0.400,3.7572,1.5587,-2.3666,0.2595
Flock,0.433,3.7612,1.5555,-2.3594,0.2640
Flock,0.467,3.7654,1.5524,-2.3521,0.2686
Flock,0.500,3.7696,1.5494,-2.3446,0.2732
Flock,0.533,3.7740,1.5465,-2.3370,0.2779
Flock,0.567,3.7785,1.5437,-2.3293,0.2827
Flock,0.600,3.7832,1.5410,-2.3214,0.2875
Flock,0.633,3.7881,1.5384,-2.3133,0.2924
Flock,0.667,3.7931,1.5360,-2.3051,0.2973
Flock,0.700,3.7983,1.5336,-2.2968,0.3023
Flock,0.733,3.8037,1.5315,-2.2884,0.3074
Flock,0.767,3.8093,1.5294,-2.2798,0.3126
Flock,0.800,3.8151,1.5275,-2.2712,0.3179
Flock,0.833,3.8211,1.5258,-2.2624,0.3232
Flock,0.867,3.8273,1.5242,-2.2535,0.3287
Flock,0.900,3.8337,1.5227,-2.2445,0.3342
Flock,0.933,3.8403,1.5214,-2.2354,0.3397
Flock,0.967,3.8471,1.5203,-2.2262,0.3453
Flock,1.000,3.8542,1.5194,-2.2169,0.3510
Flock,1.033,3.8614,1.5186,-2.2075,0.3567
Flock,1.067,3.8689,1.5179,-2.1981,0.3624
Flock,1.100,3.8767,1.5175,-2.1885,0.3682
Flock,1.133,3.8846,1.5171,-2.1790,0.3740
Flock,1.167,3.8928,1.5170,-2.1693,0.3797
Flock,1.200,3.9013,1.5170,-2.1596,0.3854
Flock,1.233,3.9099,1.5171,-2.1499,0.3912
Flock,1.267,3.9188,1.5174,-2.1401,0.3968
Flock,1.300,3.9280,1.5179,-2.1303,0.4024
Flock,1.333,3.9373,1.5185,-2.1205,0.4079
Flock,1.367,3.9470,1.5192,-2.1106,0.4134
Flock,1.400,3.9568,1.5201,-2.1007,0.4186
Flock,1.433,3.9668,1.5211,-2.0909,0.4238
Flock,1.467,3.9771,1.5222,-2.0810,0.4289
Flock,1.500,3.9876,1.5234,-2.0712,0.4337
Flock,1.533,3.9984,1.5248,-2.0613,0.4384
Flock,1.567,4.0093,1.5262,-2.0515,0.4429
Flock,1.600,4.0205,1.5278,-2.0417,0.4472
Flock,1.633,4.0318,1.5294,-2.0320,0.4513
Flock,1.667,4.0434,1.5311,-2.0223,0.4552
Flock,1.700,4.0551,1.5329,-2.0127,0.4588
Flock,1.733,4.0670,1.5347,-2.0031,0.4621
Flock,1.767,4.0791,1.5366,-1.9936,0.4652
Flock,1.800,4.0914,1.5385,-1.9842,0.4681
Flock,1.833,4.1039,1.5405,-1.9748,0.4705
Flock,1.867,4.1165,1.5424,-1.9656,0.4728
Flock,1.900,4.1292,1.5444,-1.9564,0.4747
Flock,1.933,4.1421,1.5465,-1.9474,0.4762
Flock,1.967,4.1551,1.5485,-1.9384,0.4775
Flock,2.000,4.1683,1.5505,-1.9296,0.4784
Flock,2.033,4.1815,1.5525,-1.9209,0.4791
Flock,2.067,4.1948,1.5544,-1.9124,0.4793
Flock,2.100,4.2083,1.5563,-1.9039,0.4792
Flock,2.133,4.2218,1.5582,-1.8956,0.4788
Flock,2.167,4.2354,1.5601,-1.8875,0.4780
Flock,2.200,4.2490,1.5618,-1.8795,0.4769
Flock,2.233,4.2627,1.5635,-1.8717,0.4754
Flock,2.267,4.2764,1.5652,-1.8641,0.4736
Flock,2.300,4.2901,1.5667,-1.8566,0.4715
Flock,2.333,4.3039,1.5682,-1.8493,0.4690
Flock,2.367,4.3176,1.5696,-1.8422,0.4661
Flock,2.400,4.3314,1.5709,-1.8353,0.4630
Flock,2.433,4.3451,1.5721,-1.8285,0.4594
Flock,2.467,4.3587,1.5732,-1.8220,0.4556
Flock,2.500,4.3723,1.5742,-1.8156,0.4514
Flock,2.533,4.3859,1.5750,-1.8095,0.4469
Flock,2.567,4.3994,1.5758,-1.8036,0.4421
Flock,2.600,4.4127,1.5765,-1.7979,0.4370
Flock,2.633,4.4260,1.5770,-1.7924,0.4316
Flock,2.667,4.4392,1.5774,-1.7871,0.4259
Flock,2.700,4.4522,1.5777,-1.7820,0.4199
Flock,2.733,4.4652,1.5779,-1.7772,0.4137
Flock,2.767,4.4779,1.5779,-1.7726,0.4072
Flock,2.800,4.4905,1.5779,-1.7682,0.4004
Flock,2.833,4.5030,1.5777,-1.7641,0.3934
Flock,2.867,4.5152,1.5774,-1.7601,0.3861
Flock,2.900,4.5273,1.5771,-1.7564,0.3786
Flock,2.933,4.5391,1.5766,-1.7530,0.3709
Flock,2.967,4.5508,1.5760,-1.7498,0.3629
Flock,3.000,4.5622,1.5753,-1.7468,0.3548
Flock,3.033,4.5734,1.5745,-1.7440,0.3464
Flock,3.067,4.5843,1.5736,-1.7415,0.3379
Flock,3.100,4.5950,1.5727,-1.7392,0.3293
Flock,3.133,4.6055,1.5717,-1.7371,0.3204
Flock,3.167,4.6156,1.5706,-1.7353,0.3114
Flock,3.200,4.6255,1.5694,-1.7337,0.3024
Flock,3.233,4.6351,1.5682,-1.7323,0.2931
Flock,3.267,4.6444,1.5670,-1.7312,0.2838
Flock,3.300,4.6534,1.5657,-1.7303,0.2744
Flock,3.333,4.6621,1.5644,-1.7296,0.2649
Flock,3.367,4.6705,1.5630,-1.7291,0.2553
Flock,3.400,4.6786,1.5617,-1.7288,0.2457
Flock,3.433,4.6863,1.5603,-1.7288,0.2361
Flock,3.467,4.6938,1.5590,-1.7289,0.2265
Flock,3.500,4.7009,1.5576,-1.7293,0.2169
Flock,3.533,4.7076,1.5563,-1.7299,0.2074
Flock,3.567,4.7140,1.5550,-1.7307,0.1980
Flock,3.600,4.7201,1.5538,-1.7316,0.1887
Flock,3.633,4.7259,1.5526,-1.7328,0.1795
Flock,3.667,4.7313,1.5514,-1.7341,0.1706
Flock,3.700,4.7363,1.5503,-1.7357,0.1619
Flock,3.733,4.7411,1.5493,-1.7374,0.1535
Flock,3.767,4.7454,1.5484,-1.7393,0.1455
Flock,3.800,4.7495,1.5476,-1.7413,0.1379
Flock,3.833,4.7531,1.5468,-1.7435,0.1309
Flock,3.867,4.7565,1.5462,-1.7459,0.1244
Flock,3.900,4.7595,1.5457,-1.7484,0.1187
Flock,3.933,4.7622,1.5453,-1.7511,0.1138
Flock,3.967,4.7645,1.5450,-1.7539,0.1099
Flock,4.000,4.7665,1.5448,-1.7568,0.1069
Flock,4.033,4.7682,1.5448,-1.7599,0.1049
Flock,4.067,4.7695,1.5449,-1.7631,0.1041
Flock,4.100,4.7706,1.5452,-1.7664,0.1043
Flock,4.133,4.7713,1.5456,-1.7698,0.1055
Flock,4.167,4.7717,1.5462,-1.7733,0.1076
Flock,4.200,4.7719,1.5469,-1.7769,0.1106
Flock,4.233,4.7717,1.5477,-1.7806,0.1143
Flock,4.267,4.7712,1.5488,-1.7844,0.1186
Flock,4.300,4.7705,1.5499,-1.7883,0.1234
Flock,4.333,4.7695,1.5513,-1.7922,0.1286
Flock,4.367,4.7682,1.5528,-1.7962,0.1340
Flock,4.400,4.7667,1.5545,-1.8003,0.1396
Flock,4.433,4.7649,1.5563,-1.8044,0.1453
Flock,4.467,4.7628,1.5582,-1.8086,0.1510
Flock,4.500,4.7606,1.5604,-1.8128,0.1568
Flock,4.533,4.7581,1.5627,-1.8170,0.1624
Flock,4.567,4.7554,1.5651,-1.8213,0.1680
Flock,4.600,4.7525,1.5677,-1.8256,0.1734
Flock,4.633,4.7494,1.5704,-1.8299,0.1786
Flock,4.667,4.7461,1.5732,-1.8342,0.1836
Flock,4.700,4.7427,1.5762,-1.8385,0.1884
Flock,4.733,4.7391,1.5793,-1.8428,0.1929
Flock,4.767,4.7353,1.5825,-1.8472,0.1972
Flock,4.800,4.7314,1.5858,-1.8515,0.2011
Flock,4.833,4.7273,1.5893,-1.8557,0.2047
Flock,4.867,4.7231,1.5928,-1.8600,0.2081
Flock,4.900,4.7188,1.5964,-1.8642,0.2110
Flock,4.933,4.7144,1.6001,-1.8684,0.2137
Flock,4.967,4.7099,1.6039,-1.8726,0.2160
Flock,5.000,4.7053,1.6077,-1.8767,0.2179
Flock,5.033,4.7007,1.6116,-1.8808,0.2195
Flock,5.067,4.6959,1.6155,-1.8848,0.2207
Flock,5.100,4.6912,1.6195,-1.8888,0.2216
Flock,5.133,4.6863,1.6235,-1.8927,0.2221
Flock,5.167,4.6814,1.6276,-1.8966,0.2223
Flock,5.200,4.6765,1.6316,-1.9004,0.2221
Flock,5.233,4.6716,1.6356,-1.9041,0.2216
Flock,5.267,4.6667,1.6397,-1.9078,0.2207
Flock,5.300,4.6617,1.6437,-1.9113,0.2195
Flock,5.333,4.6568,1.6477,-1.9149,0.2180
Flock,5.367,4.6518,1.6517,-1.9183,0.2162
Flock,5.400,4.6469,1.6556,-1.9217,0.2140
Flock,5.433,4.6420,1.6595,-1.9249,0.2116
Flock,5.467,4.6371,1.6633,-1.9281,0.2089
Flock,5.500,4.6323,1.6670,-1.9312,0.2059
Flock,5.533,4.6275,1.6707,-1.9343,0.2027
Flock,5.567,4.6228,1.6743,-1.9372,0.1993
Flock,5.600,4.6181,1.6778,-1.9401,0.1956
Flock,5.633,4.6134,1.6812,-1.9429,0.1918
Flock,5.667,4.6089,1.6846,-1.9456,0.1878
Flock,5.700,4.6044,1.6878,-1.9482,0.1836
Flock,5.733,4.5999,1.6909,-1.9507,0.1794
Flock,5.767,4.5956,1.6939,-1.9531,0.1750
Flock,5.800,4.5913,1.6968,-1.9555,0.1705
Flock,5.833,4.5871,1.6995,-1.9578,0.1659
Flock,5.867,4.5829,1.7022,-1.9600,0.1613
Flock,5.900,4.5789,1.7047,-1.9621,0.1567
Flock,5.933,4.5749,1.7071,-1.9642,0.1521
Flock,5.967,4.5710,1.7093,-1.9661,0.1475
Flock,6.000,4.5672,1.7114,-1.9681,0.1430
Orbit,0.000,4.1000,1.9549,-2.3000,0.0000
Orbit,0.033,4.0761,1.9572,-2.2321,2.1594
Orbit,0.067,4.0501,1.9589,-2.1651,2.1588
Orbit,0.100,4.0219,1.9598,-2.0989,2.1584
Orbit,0.133,3.9915,1.9600,-2.0337,2.1583
Orbit,0.167,3.9591,1.9594,-1.9695,2.1583
Orbit,0.200,3.9246,1.9581,-1.9063,2.1586
Orbit,0.233,3.8880,1.9560,-1.8444,2.1591
Orbit,0.267,3.8494,1.9532,-1.7836,2.1599
Orbit,0.300,3.8089,1.9497,-1.7242,2.1608
Orbit,0.333,3.7665,1.9455,-1.6661,2.1619
Orbit,0.367,3.7223,1.9407,-1.6094,2.1632
Orbit,0.400,3.6762,1.9351,-1.5541,2.1646
Orbit,0.433,3.6283,1.9290,-1.5004,2.1661
Orbit,0.467,3.5787,1.9222,-1.4483,2.1678
Orbit,0.500,3.5274,1.9149,-1.3978,2.1694
Orbit,0.533,3.4746,1.9071,-1.3490,2.1711
Orbit,0.567,3.4201,1.8987,-1.3020,2.1728
Orbit,0.600,3.3642,1.8899,-1.2567,2.1744
Orbit,0.633,3.3068,1.8806,-1.2133,2.1760
Orbit,0.667,3.2481,1.8710,-1.1718,2.1774
Orbit,0.700,3.1880,1.8611,-1.1322,2.1788
Orbit,0.733,3.1267,1.8509,-1.0946,2.1800
Orbit,0.767,3.0642,1.8404,-1.0590,2.1810
Orbit,0.800,3.0006,1.8297,-1.0254,2.1818
Orbit,0.833,2.9359,1.8189,-0.9940,2.1824
Orbit,0.867,2.8702,1.8081,-0.9646,2.1828
Orbit,0.900,2.8036,1.7971,-0.9374,2.1830
Orbit,0.933,2.7361,1.7862,-0.9124,2.1829
Orbit,0.967,2.6679,1.7754,-0.8896,2.1826
Orbit,1.000,2.5990,1.7647,-0.8690,2.1821
Orbit,1.033,2.5294,1.7541,-0.8506,2.1814
Orbit,1.067,2.4593,1.7438,-0.8346,2.1805
Orbit,1.100,2.3887,1.7337,-0.8208,2.1794
Orbit,1.133,2.3176,1.7239,-0.8093,2.1781
Orbit,1.167,2.2463,1.7145,-0.8001,2.1767
Orbit,1.200,2.1747,1.7055,-0.7933,2.1752
Orbit,1.233,2.1029,1.6969,-0.7888,2.1736
Orbit,1.267,2.0310,1.6888,-0.7866,2.1719
Orbit,1.300,1.9590,1.6812,-0.7868,2.1702
Orbit,1.333,1.8871,1.6742,-0.7893,2.1685
Orbit,1.367,1.8153,1.6677,-0.7941,2.1669
Orbit,1.400,1.7438,1.6619,-0.8013,2.1653
Orbit,1.433,1.6724,1.6567,-0.8108,2.1639
Orbit,1.467,1.6015,1.6522,-0.8226,2.1625
Orbit,1.500,1.5309,1.6483,-0.8367,2.1613
Orbit,1.533,1.4609,1.6452,-0.8531,2.1603
Orbit,1.567,1.3914,1.6428,-0.8717,2.1595
Orbit,1.600,1.3226,1.6411,-0.8926,2.1588
Orbit,1.633,1.2544,1.6402,-0.9157,2.1584
Orbit,1.667,1.1871,1.6400,-0.9411,2.1583
Orbit,1.700,1.1206,1.6406,-0.9686,2.1583
Orbit,1.733,1.0551,1.6419,-0.9982,2.1586
Orbit,1.767,0.9905,1.6439,-1.0300,2.1591
Orbit,1.800,0.9270,1.6467,-1.0638,2.1598
Orbit,1.833,0.8647,1.6502,-1.0997,2.1608
Orbit,1.867,0.8035,1.6543,-1.1376,2.1619
Orbit,1.900,0.7437,1.6592,-1.1775,2.1632
Orbit,1.933,0.6851,1.6647,-1.2193,2.1646
Orbit,1.967,0.6279,1.6708,-1.2629,2.1661
Orbit,2.000,0.5722,1.6776,-1.3084,2.1677
Orbit,2.033,0.5180,1.6849,-1.3557,2.1694
Orbit,2.067,0.4653,1.6927,-1.4048,2.1711
Orbit,2.100,0.4143,1.7011,-1.4555,2.1727
Orbit,2.133,0.3650,1.7099,-1.5078,2.1744
Orbit,2.167,0.3173,1.7191,-1.5617,2.1759
Orbit,2.200,0.2715,1.7287,-1.6172,2.1774
Orbit,2.233,0.2275,1.7386,-1.6741,2.1787
Orbit,2.267,0.1853,1.7489,-1.7324,2.1799
Orbit,2.300,0.1451,1.7593,-1.7920,2.1809
Orbit,2.333,0.1068,1.7700,-1.8529,2.1818
Orbit,2.367,0.0705,1.7807,-1.9151,2.1824
Orbit,2.400,0.0363,1.7916,-1.9783,2.1828
Orbit,2.433,0.0041,1.8025,-2.0427,2.1830
Orbit,2.467,-0.0259,1.8134,-2.1080,2.1829
Orbit,2.500,-0.0539,1.8243,-2.1744,2.1826
Orbit,2.533,-0.0796,1.8350,-2.2415,2.1821
Orbit,2.567,-0.1031,1.8456,-2.3095,2.1814
Orbit,2.600,-0.1245,1.8559,-2.3782,2.1805
Orbit,2.633,-0.1436,1.8660,-2.4476,2.1794
Orbit,2.667,-0.1604,1.8758,-2.5175,2.1781
Orbit,2.700,-0.1749,1.8852,-2.5880,2.1767
Orbit,2.733,-0.1872,1.8943,-2.6589,2.1752
Orbit,2.767,-0.1971,1.9029,-2.7301,2.1736
Orbit,2.800,-0.2047,1.9110,-2.8017,2.1719
Orbit,2.833,-0.2100,1.9186,-2.8734,2.1703
Orbit,2.867,-0.2129,1.9256,-2.9453,2.1686
Orbit,2.900,-0.2135,1.9321,-3.0172,2.1670
Orbit,2.933,-0.2118,1.9380,-3.0892,2.1654
Orbit,2.967,-0.2077,1.9432,-3.1610,2.1639
Orbit,3.000,-0.2013,1.9477,-3.2326,2.1625
Orbit,3.033,-0.1926,1.9516,-3.3041,2.1613
Orbit,3.067,-0.1816,1.9547,-3.3751,2.1603
Orbit,3.100,-0.1682,1.9571,-3.4458,2.1595
Orbit,3.133,-0.1526,1.9588,-3.5161,2.1589
Orbit,3.167,-0.1347,1.9598,-3.5857,2.1584
Orbit,3.200,-0.1145,1.9600,-3.6548,2.1583
Orbit,3.233,-0.0921,1.9594,-3.7232,2.1583
Orbit,3.267,-0.0675,1.9582,-3.7908,2.1586
Orbit,3.300,-0.0407,1.9562,-3.8575,2.1591
Orbit,3.333,-0.0118,1.9534,-3.9234,2.1598
Orbit,3.367,0.0193,1.9500,-3.9883,2.1607
Orbit,3.400,0.0524,1.9458,-4.0521,2.1618
Orbit,3.433,0.0877,1.9410,-4.1149,2.1631
Orbit,3.467,0.1249,1.9355,-4.1764,2.1645
Orbit,3.500,0.1641,1.9294,-4.2367,2.1661
Orbit,3.533,0.2053,1.9226,-4.2957,2.1677
Orbit,3.567,0.2483,1.9153,-4.3534,2.1693
Orbit,3.600,0.2932,1.9075,-4.4096,2.1710
Orbit,3.633,0.3399,1.8992,-4.4643,2.1727
Orbit,3.667,0.3884,1.8904,-4.5175,2.1743
Orbit,3.700,0.4386,1.8812,-4.5690,2.1759
Orbit,3.733,0.4904,1.8716,-4.6190,2.1774
Orbit,3.767,0.5438,1.8617,-4.6672,2.1787
Orbit,3.800,0.5987,1.8514,-4.7136,2.1799
Orbit,3.833,0.6551,1.8410,-4.7582,2.1809
Orbit,3.867,0.7130,1.8303,-4.8010,2.1818
Orbit,3.900,0.7722,1.8196,-4.8419,2.1824
Orbit,3.933,0.8327,1.8087,-4.8808,2.1828
Orbit,3.967,0.8944,1.7978,-4.9177,2.1830
Orbit,4.000,0.9573,1.7869,-4.9526,2.1829
Orbit,4.033,1.0213,1.7760,-4.9855,2.1827
Orbit,4.067,1.0864,1.7653,-5.0163,2.1822
Orbit,4.100,1.1524,1.7547,-5.0449,2.1814
Orbit,4.133,1.2193,1.7444,-5.0713,2.1805
Orbit,4.167,1.2870,1.7343,-5.0956,2.1794
Orbit,4.200,1.3555,1.7245,-5.1177,2.1782
Orbit,4.233,1.4246,1.7150,-5.1375,2.1768
Orbit,4.267,1.4944,1.7060,-5.1551,2.1752
Orbit,4.300,1.5647,1.6974,-5.1704,2.1737
Orbit,4.333,1.6354,1.6892,-5.1834,2.1720
Orbit,4.367,1.7066,1.6816,-5.1941,2.1703
Orbit,4.400,1.7780,1.6745,-5.2024,2.1686
Orbit,4.433,1.8497,1.6681,-5.2085,2.1670
Orbit,4.467,1.9216,1.6622,-5.2122,2.1654
Orbit,4.500,1.9935,1.6570,-5.2136,2.1640
Orbit,4.533,2.0654,1.6524,-5.2126,2.1626
Orbit,4.567,2.1373,1.6485,-5.2093,2.1614
Orbit,4.600,2.2090,1.6454,-5.2037,2.1603
Orbit,4.633,2.2805,1.6429,-5.1957,2.1595
Orbit,4.667,2.3517,1.6412,-5.1855,2.1589
Orbit,4.700,2.4226,1.6402,-5.1729,2.1585
Orbit,4.733,2.4929,1.6400,-5.1580,2.1583
Orbit,4.767,2.5628,1.6405,-5.1409,2.1583
Orbit,4.800,2.6321,1.6418,-5.1214,2.1586
Orbit,4.833,2.7007,1.6438,-5.0998,2.1591
Orbit,4.867,2.7686,1.6465,-5.0759,2.1598
Orbit,4.900,2.8356,1.6499,-5.0498,2.1607
Orbit,4.933,2.9018,1.6541,-5.0216,2.1618
Orbit,4.967,2.9670,1.6589,-4.9912,2.1631
Orbit,5.000,3.0312,1.6644,-4.9587,2.1645
Orbit,5.033,3.0943,1.6705,-4.9242,2.1660
Orbit,5.067,3.1562,1.6772,-4.8876,2.1676
Orbit,5.100,3.2170,1.6844,-4.8490,2.1693
Orbit,5.133,3.2764,1.6923,-4.8085,2.1710
Orbit,5.167,3.3345,1.7006,-4.7661,2.1726
Orbit,5.200,3.3912,1.7094,-4.7218,2.1743
Orbit,5.233,3.4464,1.7186,-4.6757,2.1758
Orbit,5.267,3.5001,1.7281,-4.6278,2.1773
Orbit,5.300,3.5522,1.7381,-4.5782,2.1786
Orbit,5.333,3.6027,1.7483,-4.5269,2.1799
Orbit,5.367,3.6514,1.7587,-4.4740,2.1809
Orbit,5.400,3.6985,1.7693,-4.4196,2.1817
Orbit,5.433,3.7437,1.7801,-4.3636,2.1823
Orbit,5.467,3.7871,1.7910,-4.3063,2.1828
Orbit,5.500,3.8286,1.8019,-4.2475,2.1829
Orbit,5.533,3.8682,1.8128,-4.1874,2.1829
Orbit,5.567,3.9058,1.8237,-4.1261,2.1826
Orbit,5.600,3.9414,1.8344,-4.0636,2.1822
Orbit,5.633,3.9749,1.8450,-3.9999,2.1814
Orbit,5.667,4.0063,1.8554,-3.9352,2.1806
Orbit,5.700,4.0357,1.8655,-3.8695,2.1794
Orbit,5.733,4.0629,1.8753,-3.8029,2.1782
Orbit,5.767,4.0879,1.8847,-3.7354,2.1768
Orbit,5.800,4.1106,1.8938,-3.6672,2.1753
Orbit,5.833,4.1312,1.9024,-3.5983,2.1737
Orbit,5.867,4.1495,1.9105,-3.5287,2.1721
Orbit,5.900,4.1656,1.9182,-3.4586,2.1703
Orbit,5.933,4.1793,1.9253,-3.3879,2.1687
Orbit,5.967,4.1908,1.9318,-3.3169,2.1670
Orbit,6.000,4.1999,1.9376,-3.2456,2.1655
